src_region,dst_region,latency_rtt_ms
aws:ap-northeast-1,aws:ap-southeast-1,66.37
aws:ap-northeast-1,aws:eu-west-1,215.73
aws:ap-northeast-1,aws:sa-east-1,254.70
aws:ap-northeast-1,aws:us-east-1,142.44
aws:ap-northeast-1,aws:us-west-2,97.53
aws:ap-northeast-1,azure:brazilsouth,264.22
aws:ap-northeast-1,azure:eastus,158.76
aws:ap-northeast-1,azure:japaneast,2.45
aws:ap-northeast-1,azure:southeastasia,70.47
aws:ap-northeast-1,azure:westeurope,221.12
aws:ap-northeast-1,azure:westus2,98.28
aws:ap-northeast-1,gcp:asia-northeast1,2.79
aws:ap-northeast-1,gcp:asia-southeast1,70.67
aws:ap-northeast-1,gcp:europe-west1,240.91
aws:ap-northeast-1,gcp:southamerica-east1,255.30
aws:ap-northeast-1,gcp:us-east1,158.32
aws:ap-northeast-1,gcp:us-west1,92.50
aws:ap-southeast-1,aws:ap-northeast-1,66.05
aws:ap-southeast-1,aws:eu-west-1,173.31
aws:ap-southeast-1,aws:sa-east-1,318.81
aws:ap-southeast-1,aws:us-east-1,215.98
aws:ap-southeast-1,aws:us-west-2,157.97
aws:ap-southeast-1,azure:brazilsouth,325.32
aws:ap-southeast-1,azure:eastus,224.89
aws:ap-southeast-1,azure:japaneast,68.41
aws:ap-southeast-1,azure:southeastasia,1.73
aws:ap-southeast-1,azure:westeurope,163.57
aws:ap-southeast-1,azure:westus2,161.27
aws:ap-southeast-1,gcp:asia-northeast1,79.00
aws:ap-southeast-1,gcp:asia-southeast1,1.39
aws:ap-southeast-1,gcp:europe-west1,242.63
aws:ap-southeast-1,gcp:southamerica-east1,330.21
aws:ap-southeast-1,gcp:us-east1,228.34
aws:ap-southeast-1,gcp:us-west1,166.10
aws:eu-west-1,aws:ap-northeast-1,215.61
aws:eu-west-1,aws:ap-southeast-1,173.30
aws:eu-west-1,aws:sa-east-1,178.07
aws:eu-west-1,aws:us-east-1,67.88
aws:eu-west-1,aws:us-west-2,137.81
aws:eu-west-1,azure:brazilsouth,169.65
aws:eu-west-1,azure:eastus,67.30
aws:eu-west-1,azure:japaneast,246.09
aws:eu-west-1,azure:southeastasia,182.50
aws:eu-west-1,azure:westeurope,20.65
aws:eu-west-1,azure:westus2,132.66
aws:eu-west-1,gcp:asia-northeast1,245.24
aws:eu-west-1,gcp:asia-southeast1,241.92
aws:eu-west-1,gcp:europe-west1,22.99
aws:eu-west-1,gcp:southamerica-east1,198.66
aws:eu-west-1,gcp:us-east1,95.35
aws:eu-west-1,gcp:us-west1,145.23
aws:sa-east-1,aws:ap-northeast-1,254.69
aws:sa-east-1,aws:ap-southeast-1,318.81
aws:sa-east-1,aws:eu-west-1,178.07
aws:sa-east-1,aws:us-east-1,112.30
aws:sa-east-1,aws:us-west-2,174.24
aws:sa-east-1,azure:brazilsouth,5.74
aws:sa-east-1,azure:eastus,114.33
aws:sa-east-1,azure:japaneast,272.88
aws:sa-east-1,azure:southeastasia,329.27
aws:sa-east-1,azure:westeurope,192.25
aws:sa-east-1,azure:westus2,181.41
aws:sa-east-1,gcp:asia-northeast1,262.39
aws:sa-east-1,gcp:asia-southeast1,328.90
aws:sa-east-1,gcp:europe-west1,191.19
aws:sa-east-1,gcp:southamerica-east1,2.31
aws:sa-east-1,gcp:us-east1,127.20
aws:sa-east-1,gcp:us-west1,174.56
aws:us-east-1,aws:ap-northeast-1,142.42
aws:us-east-1,aws:ap-southeast-1,214.12
aws:us-east-1,aws:eu-west-1,67.87
aws:us-east-1,aws:sa-east-1,112.60
aws:us-east-1,aws:us-west-2,56.71
aws:us-east-1,azure:brazilsouth,114.82
aws:us-east-1,azure:eastus,3.47
aws:us-east-1,azure:japaneast,162.23
aws:us-east-1,azure:southeastasia,222.28
aws:us-east-1,azure:westeurope,82.95
aws:us-east-1,azure:westus2,69.18
aws:us-east-1,gcp:asia-northeast1,161.32
aws:us-east-1,gcp:asia-southeast1,223.84
aws:us-east-1,gcp:europe-west1,81.21
aws:us-east-1,gcp:southamerica-east1,121.95
aws:us-east-1,gcp:us-east1,12.65
aws:us-east-1,gcp:us-west1,64.30
aws:us-west-2,aws:ap-northeast-1,97.58
aws:us-west-2,aws:ap-southeast-1,158.64
aws:us-west-2,aws:eu-west-1,136.28
aws:us-west-2,aws:sa-east-1,174.71
aws:us-west-2,aws:us-east-1,56.70
aws:us-west-2,azure:brazilsouth,188.59
aws:us-west-2,azure:eastus,75.70
aws:us-west-2,azure:japaneast,99.91
aws:us-west-2,azure:southeastasia,162.57
aws:us-west-2,azure:westeurope,156.17
aws:us-west-2,azure:westus2,13.04
aws:us-west-2,gcp:asia-northeast1,107.97
aws:us-west-2,gcp:asia-southeast1,170.43
aws:us-west-2,gcp:europe-west1,143.78
aws:us-west-2,gcp:southamerica-east1,176.02
aws:us-west-2,gcp:us-east1,69.84
aws:us-west-2,gcp:us-west1,14.36
azure:brazilsouth,aws:ap-northeast-1,264.26
azure:brazilsouth,aws:ap-southeast-1,325.25
azure:brazilsouth,aws:eu-west-1,169.56
azure:brazilsouth,aws:sa-east-1,5.68
azure:brazilsouth,aws:us-east-1,114.78
azure:brazilsouth,aws:us-west-2,189.03
azure:brazilsouth,azure:eastus,114.79
azure:brazilsouth,azure:japaneast,264.75
azure:brazilsouth,azure:southeastasia,324.61
azure:brazilsouth,azure:westeurope,182.55
azure:brazilsouth,azure:westus2,179.86
azure:brazilsouth,gcp:asia-northeast1,261.44
azure:brazilsouth,gcp:asia-southeast1,319.35
azure:brazilsouth,gcp:europe-west1,198.00
azure:brazilsouth,gcp:southamerica-east1,4.08
azure:brazilsouth,gcp:us-east1,126.61
azure:brazilsouth,gcp:us-west1,179.32
azure:eastus,aws:ap-northeast-1,158.59
azure:eastus,aws:ap-southeast-1,225.09
azure:eastus,aws:eu-west-1,67.45
azure:eastus,aws:sa-east-1,114.43
azure:eastus,aws:us-east-1,3.44
azure:eastus,aws:us-west-2,75.65
azure:eastus,azure:brazilsouth,114.89
azure:eastus,azure:japaneast,160.03
azure:eastus,azure:southeastasia,223.48
azure:eastus,azure:westeurope,82.88
azure:eastus,azure:westus2,59.91
azure:eastus,gcp:asia-northeast1,161.87
azure:eastus,gcp:asia-southeast1,223.55
azure:eastus,gcp:europe-west1,90.67
azure:eastus,gcp:southamerica-east1,115.41
azure:eastus,gcp:us-east1,20.37
azure:eastus,gcp:us-west1,69.19
azure:japaneast,aws:ap-northeast-1,2.34
azure:japaneast,aws:ap-southeast-1,68.57
azure:japaneast,aws:eu-west-1,244.94
azure:japaneast,aws:sa-east-1,273.36
azure:japaneast,aws:us-east-1,161.98
azure:japaneast,aws:us-west-2,99.98
azure:japaneast,azure:brazilsouth,264.61
azure:japaneast,azure:eastus,159.81
azure:japaneast,azure:southeastasia,70.09
azure:japaneast,azure:westeurope,232.94
azure:japaneast,azure:westus2,98.86
azure:japaneast,gcp:asia-northeast1,2.57
azure:japaneast,gcp:asia-southeast1,75.69
azure:japaneast,gcp:europe-west1,243.34
azure:japaneast,gcp:southamerica-east1,261.25
azure:japaneast,gcp:us-east1,157.99
azure:japaneast,gcp:us-west1,95.05
azure:southeastasia,aws:ap-northeast-1,70.78
azure:southeastasia,aws:ap-southeast-1,1.76
azure:southeastasia,aws:eu-west-1,182.51
azure:southeastasia,aws:sa-east-1,329.27
azure:southeastasia,aws:us-east-1,222.37
azure:southeastasia,aws:us-west-2,160.60
azure:southeastasia,azure:brazilsouth,324.75
azure:southeastasia,azure:eastus,223.80
azure:southeastasia,azure:japaneast,69.91
azure:southeastasia,azure:westeurope,177.20
azure:southeastasia,azure:westus2,163.92
azure:southeastasia,gcp:asia-northeast1,73.52
azure:southeastasia,gcp:asia-southeast1,1.63
azure:southeastasia,gcp:europe-west1,172.83
azure:southeastasia,gcp:southamerica-east1,318.97
azure:southeastasia,gcp:us-east1,225.42
azure:southeastasia,gcp:us-west1,162.78
azure:westeurope,aws:ap-northeast-1,220.97
azure:westeurope,aws:ap-southeast-1,163.52
azure:westeurope,aws:eu-west-1,20.53
azure:westeurope,aws:sa-east-1,191.33
azure:westeurope,aws:us-east-1,83.00
azure:westeurope,aws:us-west-2,156.06
azure:westeurope,azure:brazilsouth,184.83
azure:westeurope,azure:eastus,82.61
azure:westeurope,azure:japaneast,229.70
azure:westeurope,azure:southeastasia,177.43
azure:westeurope,azure:westus2,140.54
azure:westeurope,gcp:asia-northeast1,242.41
azure:westeurope,gcp:asia-southeast1,161.53
azure:westeurope,gcp:europe-west1,14.96
azure:westeurope,gcp:southamerica-east1,190.65
azure:westeurope,gcp:us-east1,100.02
azure:westeurope,gcp:us-west1,142.61
azure:westus2,aws:ap-northeast-1,98.19
azure:westus2,aws:ap-southeast-1,161.28
azure:westus2,aws:eu-west-1,132.38
azure:westus2,aws:sa-east-1,181.38
azure:westus2,aws:us-east-1,69.24
azure:westus2,aws:us-west-2,13.33
azure:westus2,azure:brazilsouth,179.84
azure:westus2,azure:eastus,60.36
azure:westus2,azure:japaneast,98.67
azure:westus2,azure:southeastasia,164.16
azure:westus2,azure:westeurope,140.49
azure:westus2,gcp:asia-northeast1,100.89
azure:westus2,gcp:asia-southeast1,163.80
azure:westus2,gcp:europe-west1,154.62
azure:westus2,gcp:southamerica-east1,179.23
azure:westus2,gcp:us-east1,70.93
azure:westus2,gcp:us-west1,12.10
gcp:asia-northeast1,aws:ap-northeast-1,3.71
gcp:asia-northeast1,aws:ap-southeast-1,78.89
gcp:asia-northeast1,aws:eu-west-1,245.65
gcp:asia-northeast1,aws:sa-east-1,263.90
gcp:asia-northeast1,aws:us-east-1,162.39
gcp:asia-northeast1,aws:us-west-2,107.64
gcp:asia-northeast1,azure:brazilsouth,260.33
gcp:asia-northeast1,azure:eastus,163.52
gcp:asia-northeast1,azure:japaneast,3.60
gcp:asia-northeast1,azure:southeastasia,73.87
gcp:asia-northeast1,azure:westeurope,242.94
gcp:asia-northeast1,azure:westus2,101.21
gcp:asia-northeast1,gcp:asia-southeast1,72.49
gcp:asia-northeast1,gcp:europe-west1,238.93
gcp:asia-northeast1,gcp:southamerica-east1,252.72
gcp:asia-northeast1,gcp:us-east1,157.99
gcp:asia-northeast1,gcp:us-west1,88.12
gcp:asia-southeast1,aws:ap-northeast-1,70.58
gcp:asia-southeast1,aws:ap-southeast-1,1.55
gcp:asia-southeast1,aws:eu-west-1,241.15
gcp:asia-southeast1,aws:sa-east-1,330.58
gcp:asia-southeast1,aws:us-east-1,226.91
gcp:asia-southeast1,aws:us-west-2,170.72
gcp:asia-southeast1,azure:brazilsouth,325.01
gcp:asia-southeast1,azure:eastus,225.67
gcp:asia-southeast1,azure:japaneast,73.88
gcp:asia-southeast1,azure:southeastasia,1.73
gcp:asia-southeast1,azure:westeurope,161.49
gcp:asia-southeast1,azure:westus2,162.51
gcp:asia-southeast1,gcp:asia-northeast1,72.69
gcp:asia-southeast1,gcp:europe-west1,301.32
gcp:asia-southeast1,gcp:southamerica-east1,322.99
gcp:asia-southeast1,gcp:us-east1,219.94
gcp:asia-southeast1,gcp:us-west1,158.49
gcp:europe-west1,aws:ap-northeast-1,240.89
gcp:europe-west1,aws:ap-southeast-1,244.60
gcp:europe-west1,aws:eu-west-1,22.56
gcp:europe-west1,aws:sa-east-1,191.56
gcp:europe-west1,aws:us-east-1,81.88
gcp:europe-west1,aws:us-west-2,150.62
gcp:europe-west1,azure:brazilsouth,198.22
gcp:europe-west1,azure:eastus,90.57
gcp:europe-west1,azure:japaneast,238.65
gcp:europe-west1,azure:southeastasia,174.15
gcp:europe-west1,azure:westeurope,14.98
gcp:europe-west1,azure:westus2,155.67
gcp:europe-west1,gcp:asia-northeast1,240.11
gcp:europe-west1,gcp:asia-southeast1,301.33
gcp:europe-west1,gcp:southamerica-east1,194.17
gcp:europe-west1,gcp:us-east1,91.02
gcp:europe-west1,gcp:us-west1,141.23
gcp:southamerica-east1,aws:ap-northeast-1,259.28
gcp:southamerica-east1,aws:ap-southeast-1,328.11
gcp:southamerica-east1,aws:eu-west-1,198.53
gcp:southamerica-east1,aws:sa-east-1,2.31
gcp:southamerica-east1,aws:us-east-1,121.99
gcp:southamerica-east1,aws:us-west-2,175.57
gcp:southamerica-east1,azure:brazilsouth,4.02
gcp:southamerica-east1,azure:eastus,116.15
gcp:southamerica-east1,azure:japaneast,260.58
gcp:southamerica-east1,azure:southeastasia,327.46
gcp:southamerica-east1,azure:westeurope,190.70
gcp:southamerica-east1,azure:westus2,179.47
gcp:southamerica-east1,gcp:asia-northeast1,252.21
gcp:southamerica-east1,gcp:asia-southeast1,317.60
gcp:southamerica-east1,gcp:europe-west1,194.14
gcp:southamerica-east1,gcp:us-east1,117.37
gcp:southamerica-east1,gcp:us-west1,170.60
gcp:us-east1,aws:ap-northeast-1,157.39
gcp:us-east1,aws:ap-southeast-1,230.87
gcp:us-east1,aws:eu-west-1,96.64
gcp:us-east1,aws:sa-east-1,127.84
gcp:us-east1,aws:us-east-1,18.78
gcp:us-east1,aws:us-west-2,69.59
gcp:us-east1,azure:brazilsouth,126.95
gcp:us-east1,azure:eastus,19.72
gcp:us-east1,azure:japaneast,157.98
gcp:us-east1,azure:southeastasia,223.70
gcp:us-east1,azure:westeurope,99.81
gcp:us-east1,azure:westus2,69.96
gcp:us-east1,gcp:asia-northeast1,159.09
gcp:us-east1,gcp:asia-southeast1,221.56
gcp:us-east1,gcp:europe-west1,91.03
gcp:us-east1,gcp:southamerica-east1,117.29
gcp:us-east1,gcp:us-west1,63.69
gcp:us-west1,aws:ap-northeast-1,92.34
gcp:us-west1,aws:ap-southeast-1,168.78
gcp:us-west1,aws:eu-west-1,144.35
gcp:us-west1,aws:sa-east-1,174.61
gcp:us-west1,aws:us-east-1,64.28
gcp:us-west1,aws:us-west-2,14.15
gcp:us-west1,azure:brazilsouth,179.22
gcp:us-west1,azure:eastus,67.98
gcp:us-west1,azure:japaneast,95.89
gcp:us-west1,azure:southeastasia,161.89
gcp:us-west1,azure:westeurope,141.75
gcp:us-west1,azure:westus2,11.23
gcp:us-west1,gcp:asia-northeast1,90.51
gcp:us-west1,gcp:asia-southeast1,160.64
gcp:us-west1,gcp:europe-west1,141.65
gcp:us-west1,gcp:southamerica-east1,170.64
gcp:us-west1,gcp:us-east1,64.72
