V,max_hops,src,dst,num_candidate_paths,feasible,solve_time_s
18,2,aws:ap-northeast-1,gcp:asia-northeast1,257,True,1.0240153749999998
18,2,gcp:us-east1,aws:ap-northeast-1,257,True,1.157255416
18,2,aws:sa-east-1,aws:us-east-1,257,True,0.9234533340000004
18,2,aws:eu-west-1,azure:brazilsouth,257,True,1.0845809159999993
18,2,gcp:us-east1,azure:eastus,257,True,1.020687167000001
18,2,aws:us-east-1,gcp:europe-west1,257,True,0.9532410410000001
18,2,gcp:us-east1,gcp:europe-west1,257,True,0.9477835419999998
18,2,aws:us-east-1,azure:japaneast,257,True,1.0235292499999993
18,2,aws:sa-east-1,azure:eastus,257,True,2.1028272500000007
18,2,azure:westus2,aws:eu-west-1,257,True,1.0350762079999996
18,2,gcp:asia-southeast1,gcp:southamerica-east1,257,True,1.1534514169999994
18,2,gcp:us-west1,gcp:europe-west1,257,True,0.9808961249999992
18,2,gcp:europe-west1,azure:japaneast,257,True,1.3887979999999978
18,2,aws:eu-west-1,aws:us-east-1,257,True,1.877887916999999
18,2,azure:japaneast,aws:ap-northeast-1,257,True,1.0798353749999983
24,2,aws:us-east-1,azure:eastus,485,True,1.8473746670000004
24,2,aws:sa-east-1,aws:ap-northeast-1,485,True,1.9231469590000003
24,2,gcp:asia-southeast1,aws:ap-southeast-1,485,True,1.8827671250000009
24,2,gcp:southamerica-east1,aws:us-east-1,485,True,1.77967825
24,2,azure:japaneast,gcp:us-east1,485,True,2.036160250000002
24,2,azure:japaneast,gcp:europe-west1,485,True,1.8321545419999978
24,2,gcp:europe-west1__dup5,aws:us-east-1,485,True,2.081790083999998
24,2,azure:southeastasia,gcp:asia-northeast1,485,True,1.9605965000000012
24,2,gcp:europe-west1,azure:eastus,485,True,1.8647715829999996
24,2,gcp:us-east1,gcp:europe-west1,485,True,1.7305856250000033
24,2,azure:southeastasia,gcp:us-west1,485,True,1.9189656249999985
24,2,aws:ap-southeast-1,azure:brazilsouth__dup1,485,True,1.9978970410000016
24,2,gcp:southamerica-east1,aws:us-west-2,485,True,1.8954075830000008
24,2,gcp:us-east1,gcp:asia-southeast1,485,True,1.7953494170000042
24,2,azure:brazilsouth,azure:westus2,485,True,1.9253337080000037
30,2,gcp:asia-northeast1,aws:ap-northeast-1,785,True,3.147193791999996
30,2,aws:us-west-2,azure:eastus__dup5,785,True,3.315903457999994
30,2,gcp:europe-west1__dup10,azure:eastus__dup4,785,True,3.147091000000003
30,2,gcp:us-west1,aws:us-east-1,785,True,3.0940562920000048
30,2,azure:eastus,aws:ap-northeast-1,785,True,3.4352091669999965
30,2,azure:westeurope,azure:southeastasia,785,True,3.1785000420000102
30,2,azure:eastus,azure:japaneast,785,True,4.103436833999993
30,2,azure:westeurope__dup8,aws:ap-southeast-1__dup1,785,True,3.3705605419999927
30,2,aws:us-east-1,azure:eastus__dup4,785,True,3.0320028750000034
30,2,aws:us-east-1__dup9,azure:eastus__dup5,785,True,2.9183446669999995
30,2,gcp:asia-southeast1,azure:brazilsouth,785,True,2.9513382500000063
30,2,gcp:europe-west1,azure:eastus__dup4,785,True,2.9375450830000034
30,2,azure:eastus,azure:brazilsouth,785,True,2.9420050410000016
30,2,azure:eastus__dup5,azure:japaneast,785,True,3.0488965419999943
30,2,azure:westeurope__dup8,azure:southeastasia,785,True,3.0343602920000023
36,2,azure:eastus__dup5,azure:eastus__dup8,1157,True,4.633993333999996
36,2,azure:japaneast,azure:brazilsouth,1157,True,5.07159175000001
36,2,azure:japaneast__dup11,azure:eastus__dup5,1157,True,4.5588402080000066
36,2,gcp:us-east1__dup9,azure:southeastasia__dup12,1157,True,4.583981833999999
36,2,azure:japaneast__dup11,gcp:us-east1__dup13,1157,True,4.572716083000003
36,2,azure:southeastasia__dup14,aws:sa-east-1__dup2,1157,True,4.808462166999988
36,2,azure:eastus__dup8,aws:sa-east-1,1157,True,4.700571749999995
36,2,azure:japaneast,azure:brazilsouth__dup1,1157,True,4.915976790999991
36,2,gcp:us-east1__dup13,gcp:europe-west1,1157,True,4.895013374999991
36,2,aws:us-east-1__dup17,aws:eu-west-1,1157,True,4.460545708000012
36,2,azure:brazilsouth__dup1,gcp:southamerica-east1__dup16,1157,True,5.345572165999982
36,2,gcp:southamerica-east1__dup16,aws:ap-northeast-1,1157,True,5.4663812499999835
36,2,azure:eastus,aws:us-east-1__dup17,1157,True,4.934181209000002
36,2,gcp:southamerica-east1__dup16,gcp:us-east1__dup13,1157,True,4.649430749999993
36,2,gcp:southamerica-east1__dup16,azure:eastus,1157,True,4.774923124999987
42,2,gcp:asia-southeast1__dup2,gcp:europe-west1__dup16,1601,True,6.877414958000003
42,2,gcp:asia-southeast1__dup13,aws:sa-east-1__dup9,1601,True,7.911739834000002
42,2,aws:ap-southeast-1__dup1,aws:eu-west-1,1601,True,6.912576458999979
42,2,azure:brazilsouth,aws:eu-west-1__dup18,1601,True,6.698069916000009
42,2,aws:us-east-1,gcp:southamerica-east1,1601,True,6.93427699999998
42,2,gcp:southamerica-east1,aws:ap-southeast-1,1601,True,7.243105083999978
42,2,azure:southeastasia,azure:southeastasia__dup21,1601,True,6.414188750000022
42,2,gcp:southamerica-east1__dup19,aws:ap-southeast-1,1601,True,7.801729540999986
42,2,gcp:southamerica-east1__dup19,aws:eu-west-1__dup18,1601,True,6.701356791000023
42,2,azure:japaneast__dup20,gcp:asia-northeast1,1601,True,6.7544440000000066
42,2,gcp:us-east1__dup24,gcp:us-east1,1601,True,7.240411084000016
42,2,gcp:asia-northeast1__dup8,gcp:asia-southeast1__dup14,1601,True,6.711140625000041
42,2,aws:eu-west-1__dup18,gcp:europe-west1__dup16,1601,True,6.720642333000001
42,2,azure:eastus__dup4,azure:brazilsouth,1601,True,6.581253707999963
42,2,azure:southeastasia,aws:sa-east-1__dup9,1601,True,6.691641333000007
50,2,azure:westus2__dup27,azure:eastus,2305,True,11.047184749999985
50,2,aws:us-west-2__dup31,gcp:asia-northeast1,2305,True,12.579077499999983
50,2,azure:westus2__dup12,azure:southeastasia,2305,True,10.703269499999976
50,2,gcp:asia-southeast1,gcp:europe-west1,2305,True,10.522377541000026
50,2,gcp:us-west1__dup32,azure:eastus__dup24,2305,True,12.326603957999964
50,2,azure:westus2,gcp:us-west1__dup8,2305,True,10.970661166000014
50,2,gcp:asia-northeast1__dup3,azure:japaneast,2305,True,11.168607207999969
50,2,azure:westus2,aws:sa-east-1,2305,True,11.033563083000047
50,2,aws:ap-northeast-1__dup17,azure:southeastasia__dup6,2305,True,10.512100374999989
50,2,gcp:us-east1,azure:westeurope__dup16,2305,True,10.813279582999996
50,2,aws:us-east-1,azure:southeastasia,2305,True,10.721525708999991
50,2,azure:westeurope,azure:westus2__dup27,2305,True,10.340692832999991
50,2,aws:us-east-1__dup20,aws:us-east-1__dup7,2305,True,11.231293459000028
50,2,aws:us-east-1__dup10,aws:us-east-1__dup20,2305,True,10.389214666000044
50,2,gcp:europe-west1,aws:us-west-2__dup31,2305,True,10.873730749999993
