drop,src,dst,instance_limit,lambda_gbps,budget_ms,feasible_nominal,feasible_dropped,cost_nominal,cost_dropped,cost_rel_change_pct
0.1,aws:ap-northeast-1,aws:ap-southeast-1,2,8.0,500.0,True,True,525.4974000000001,560.15766,6.595705326039648
0.1,aws:ap-northeast-1,aws:eu-west-1,2,8.0,500.0,True,True,505.0521,530.1468899999999,4.968752728678858
0.1,aws:ap-northeast-1,aws:sa-east-1,2,8.0,500.0,True,True,572.6582999999999,604.56177,5.571118064646943
0.1,aws:ap-northeast-1,aws:us-east-1,2,8.0,500.0,True,True,471.7575000000001,499.58774999999997,5.899270281871482
0.1,aws:ap-northeast-1,aws:us-west-2,2,8.0,500.0,True,True,447.30899999999997,477.7042500000001,6.795134906742352
0.1,aws:ap-northeast-1,azure:brazilsouth,2,8.0,500.0,True,True,741.636,761.4288000000001,2.6688024853162697
0.1,aws:ap-northeast-1,azure:eastus,2,8.0,500.0,True,True,578.1059999999999,585.4733999999999,1.2744029641622776
0.1,aws:ap-northeast-1,azure:japaneast,2,8.0,500.0,True,True,433.62,434.5398,0.21212121212121426
0.1,aws:ap-northeast-1,azure:southeastasia,2,8.0,500.0,True,True,478.22399999999993,495.5147999999999,3.6156278229448944
0.1,aws:ap-northeast-1,azure:westeurope,2,8.0,500.0,True,True,714.7206,720.19854,0.7664449576519817
0.1,aws:ap-northeast-1,azure:westus2,2,8.0,500.0,True,True,578.0519999999998,586.4346,1.4501463536152899
0.1,aws:ap-northeast-1,gcp:asia-northeast1,2,8.0,500.0,True,True,433.62,433.62,0.0
0.1,aws:ap-northeast-1,gcp:asia-southeast1,2,8.0,500.0,True,True,459.03600000000006,460.2024,0.2540977178260427
0.1,aws:ap-northeast-1,gcp:europe-west1,2,8.0,500.0,True,True,701.9345699999999,707.4490499999998,0.7856116845762328
0.1,aws:ap-northeast-1,gcp:southamerica-east1,2,8.0,500.0,True,True,717.2117999999999,725.7090599999999,1.1847629946969618
0.1,aws:ap-northeast-1,gcp:us-east1,2,8.0,500.0,True,True,556.758,566.2602,1.7067020141605538
0.1,aws:ap-northeast-1,gcp:us-west1,2,8.0,500.0,True,True,548.3610000000001,559.1888999999999,1.9745933791790027
0.1,aws:ap-southeast-1,aws:ap-northeast-1,2,8.0,500.0,True,True,470.65049999999997,510.36129,8.43742649800649
0.1,aws:ap-southeast-1,aws:eu-west-1,2,8.0,500.0,True,True,625.8321,650.2104899999998,3.8953562784650795
0.1,aws:ap-southeast-1,aws:sa-east-1,2,8.0,500.0,True,True,698.6511,745.4957400000002,6.705011986669761
0.1,aws:ap-southeast-1,aws:us-east-1,2,8.0,500.0,True,True,609.8445000000002,634.46949,4.037912943381435
0.1,aws:ap-southeast-1,aws:us-west-2,2,8.0,500.0,True,True,587.7855,614.7054899999999,4.579900320780282
0.1,aws:ap-southeast-1,azure:brazilsouth,2,8.0,500.0,True,True,869.35266,890.8172099999999,2.4690267813754567
0.1,aws:ap-southeast-1,azure:eastus,2,8.0,500.0,True,True,701.8479000000001,711.6191099999999,1.3922119023223931
0.1,aws:ap-southeast-1,azure:japaneast,2,8.0,500.0,True,True,508.122,526.059,3.530057742038321
0.1,aws:ap-southeast-1,azure:southeastasia,2,8.0,500.0,True,True,433.62,440.2908,1.5383976753839734
0.1,aws:ap-southeast-1,azure:westeurope,2,8.0,500.0,True,True,694.4561999999999,718.86474,3.5147702619690246
0.1,aws:ap-southeast-1,azure:westus2,2,8.0,500.0,True,True,701.0284499999999,707.821605,0.9690270059653172
0.1,aws:ap-southeast-1,gcp:asia-northeast1,2,8.0,500.0,True,True,456.99299999999994,458.3637,0.29993894873664506
0.1,aws:ap-southeast-1,gcp:asia-southeast1,2,8.0,500.0,True,True,433.62,433.62,0.0
0.1,aws:ap-southeast-1,gcp:europe-west1,2,8.0,500.0,True,True,802.2842999999998,824.49819,2.7688302014635244
0.1,aws:ap-southeast-1,gcp:southamerica-east1,2,8.0,500.0,True,True,887.6537099999997,905.5286100000001,2.013724473702743
0.1,aws:ap-southeast-1,gcp:us-east1,2,8.0,500.0,True,True,703.26,709.92621,0.9479012029690268
0.1,aws:ap-southeast-1,gcp:us-west1,2,8.0,500.0,True,True,691.2432,698.2856099999999,1.0188035122804686
0.1,aws:eu-west-1,aws:ap-northeast-1,2,8.0,500.0,True,True,328.70519999999993,366.26166000000006,11.425575257099716
0.1,aws:eu-west-1,aws:ap-southeast-1,2,8.0,500.0,True,True,453.9204000000001,486.94365000000005,7.275119161861849
0.1,aws:eu-west-1,aws:sa-east-1,2,8.0,500.0,True,True,361.6208999999999,403.24041000000005,11.509155029479816
0.1,aws:eu-west-1,aws:us-east-1,2,8.0,500.0,True,True,167.47740000000002,212.99787000000006,27.180067280719694
0.1,aws:eu-west-1,aws:us-west-2,2,8.0,500.0,True,True,182.36339999999998,226.93527,24.441236563915798
0.1,aws:eu-west-1,azure:brazilsouth,2,8.0,500.0,True,True,545.2299,560.2193099999998,2.749190754212084
0.1,aws:eu-west-1,azure:eastus,2,8.0,500.0,True,True,376.578,379.6533,0.8166435638831867
0.1,aws:eu-west-1,azure:japaneast,2,8.0,500.0,True,True,472.221,489.44061000000005,3.6465150850978767
0.1,aws:eu-west-1,azure:southeastasia,2,8.0,500.0,True,True,497.0969999999999,513.9642150000001,3.393143591693404
0.1,aws:eu-west-1,azure:westeurope,2,8.0,500.0,True,True,546.9525000000002,564.68925,3.242831872968822
0.1,aws:eu-west-1,azure:westus2,2,8.0,500.0,True,True,397.4219999999999,403.11359999999996,1.432130078355011
0.1,aws:eu-west-1,gcp:asia-northeast1,2,8.0,500.0,True,True,514.1249999999999,527.7896999999999,2.657855579868717
0.1,aws:eu-west-1,gcp:asia-southeast1,2,8.0,500.0,True,True,525.5010000000001,540.5939999999999,2.87211632328004
0.1,aws:eu-west-1,gcp:europe-west1,2,8.0,500.0,True,True,325.62,325.62,0.0
0.1,aws:eu-west-1,gcp:southamerica-east1,2,8.0,500.0,True,True,547.20927,557.4502799999999,1.8714979006112162
0.1,aws:eu-west-1,gcp:us-east1,2,8.0,500.0,True,True,364.221,367.7229,0.9614766858583053
0.1,aws:eu-west-1,gcp:us-west1,2,8.0,500.0,True,True,371.133,374.4837,0.9028299827824574
0.1,aws:sa-east-1,aws:ap-northeast-1,2,8.0,500.0,True,True,752.76,776.3040000000001,3.1276901004304287
0.1,aws:sa-east-1,aws:ap-southeast-1,2,8.0,500.0,True,True,861.76926,897.4453500000001,4.139865699085163
0.1,aws:sa-east-1,aws:eu-west-1,2,8.0,500.0,True,True,728.6436,753.6272399999999,3.4287874071768316
0.1,aws:sa-east-1,aws:us-east-1,2,8.0,500.0,True,True,702.5076,729.9968399999999,3.9130167417405706
0.1,aws:sa-east-1,aws:us-west-2,2,8.0,500.0,True,True,718.8696,744.83064,3.611369850665549
0.1,aws:sa-east-1,azure:brazilsouth,2,8.0,500.0,True,True,541.62,561.1420800000001,3.6043868394815686
0.1,aws:sa-east-1,azure:eastus,2,8.0,500.0,True,True,722.2356000000001,747.97884,3.564382592051665
0.1,aws:sa-east-1,azure:japaneast,2,8.0,500.0,True,True,862.497,874.8513000000002,1.432387590913382
0.1,aws:sa-east-1,azure:southeastasia,2,8.0,500.0,True,True,902.0465999999998,914.2852499999998,1.3567647170334671
0.1,aws:sa-east-1,azure:westeurope,2,8.0,500.0,True,True,873.1367999999999,889.3652400000001,1.8586365847826147
0.1,aws:sa-east-1,azure:westus2,2,8.0,500.0,True,True,751.0176,773.87184,3.0431031176899186
0.1,aws:sa-east-1,gcp:asia-northeast1,2,8.0,500.0,True,True,873.8091,887.6997,1.5896607165111993
0.1,aws:sa-east-1,gcp:asia-southeast1,2,8.0,500.0,True,True,914.60025,940.2724800000001,2.806934504992769
0.1,aws:sa-east-1,gcp:europe-west1,2,8.0,500.0,True,True,840.7052999999999,849.51036,1.0473420353125098
0.1,aws:sa-east-1,gcp:southamerica-east1,2,8.0,500.0,True,True,541.62,567.7759799999999,4.829212362911245
0.1,aws:sa-east-1,gcp:us-east1,2,8.0,500.0,True,True,767.6568000000001,777.44997,1.2757224322118839
0.1,aws:sa-east-1,gcp:us-west1,2,8.0,500.0,True,True,775.0818,783.75816,1.1194121704315507
0.1,aws:us-east-1,aws:ap-northeast-1,2,8.0,500.0,True,True,303.54120000000006,337.44708000000014,11.170108044641083
0.1,aws:us-east-1,aws:ap-southeast-1,2,8.0,500.0,True,True,430.0370999999999,463.27058999999997,7.728051835527698
0.1,aws:us-east-1,aws:eu-west-1,2,8.0,500.0,True,True,242.22690000000006,282.37221000000005,16.573431769964436
0.1,aws:us-east-1,aws:sa-east-1,2,8.0,500.0,True,True,342.7568999999999,384.94521,12.308522454252582
0.1,aws:us-east-1,aws:us-west-2,2,8.0,500.0,True,True,144.84600000000006,172.66860000000005,19.20840064620354
0.1,aws:us-east-1,azure:brazilsouth,2,8.0,500.0,True,True,509.9409,523.69632,2.6974537637596856
0.1,aws:us-east-1,azure:eastus,2,8.0,500.0,True,True,325.62,331.3998,1.7750138197899463
0.1,aws:us-east-1,azure:japaneast,2,8.0,500.0,True,True,440.69399999999996,454.7646,3.1928276763468566
0.1,aws:us-east-1,azure:southeastasia,2,8.0,500.0,True,True,466.10999999999996,477.74699999999996,2.4966209692990926
0.1,aws:us-east-1,azure:westeurope,2,8.0,500.0,True,True,548.1036,557.71524,1.7536173818234297
0.1,aws:us-east-1,azure:westus2,2,8.0,500.0,True,True,367.2179999999999,370.90620000000007,1.0043625312485136
0.1,aws:us-east-1,gcp:asia-northeast1,2,8.0,500.0,True,True,488.95199999999994,500.82210000000003,2.427661610955696
0.1,aws:us-east-1,gcp:asia-southeast1,2,8.0,500.0,True,True,499.29300000000006,512.9613,2.737530868648266
0.1,aws:us-east-1,gcp:europe-west1,2,8.0,500.0,True,True,397.87199999999996,418.55039999999997,5.197249366630477
0.1,aws:us-east-1,gcp:southamerica-east1,2,8.0,500.0,True,True,521.5824000000001,531.5238,1.906007564672414
0.1,aws:us-east-1,gcp:us-east1,2,8.0,500.0,True,True,333.36,336.24000000000007,0.8639308855291733
0.1,aws:us-east-1,gcp:us-west1,2,8.0,500.0,True,True,347.91299999999995,349.39169999999996,0.42502004811547817
0.1,aws:us-west-2,aws:ap-northeast-1,2,8.0,500.0,True,True,287.61120000000005,323.1100800000001,12.34266259450259
0.1,aws:us-west-2,aws:ap-southeast-1,2,8.0,500.0,True,True,406.2123,440.9469900000001,8.550871059295854
0.1,aws:us-west-2,aws:eu-west-1,2,8.0,500.0,True,True,247.03290000000004,286.69761,16.056448351616304
0.1,aws:us-west-2,aws:sa-east-1,2,8.0,500.0,True,True,352.3149,393.54741,11.703311440986456
0.1,aws:us-west-2,aws:us-east-1,2,8.0,500.0,True,True,164.88000000000028,192.7971,16.931768558951767
0.1,aws:us-west-2,azure:brazilsouth,2,8.0,500.0,True,True,536.1749999999998,548.0477099999999,2.2143348720100904
0.1,aws:us-west-2,azure:eastus,2,8.0,500.0,True,True,365.49,368.811,0.9086431913321757
0.1,aws:us-west-2,azure:japaneast,2,8.0,500.0,True,True,425.05199999999996,434.0268,2.1114593038028326
0.1,aws:us-west-2,azure:southeastasia,2,8.0,500.0,True,True,449.92799999999994,456.46919999999994,1.4538326132181159
0.1,aws:us-west-2,azure:westeurope,2,8.0,500.0,True,True,522.3204000000001,535.0239,2.4321278663440986
0.1,aws:us-west-2,azure:westus2,2,8.0,500.0,True,True,344.4300000000001,350.3430000000001,1.7167494120721054
0.1,aws:us-west-2,gcp:asia-northeast1,2,8.0,500.0,True,True,464.10299999999995,476.48294999999996,2.667500533286794
0.1,aws:us-west-2,gcp:asia-southeast1,2,8.0,500.0,True,True,475.713,489.93570000000005,2.9897648372022694
0.1,aws:us-west-2,gcp:europe-west1,2,8.0,500.0,True,True,447.74999999999994,464.5529999999999,3.752763819095464
0.1,aws:us-west-2,gcp:southamerica-east1,2,8.0,500.0,True,True,545.1695100000001,555.5603700000001,1.9059870020977674
0.1,aws:us-west-2,gcp:us-east1,2,8.0,500.0,True,True,352.38599999999997,357.0714,1.3296214946110279
0.1,aws:us-west-2,gcp:us-west1,2,8.0,500.0,True,True,341.9549999999999,347.6295,1.6594288722200528
0.1,azure:brazilsouth,aws:ap-northeast-1,2,8.0,500.0,True,True,911.7405000000001,930.33045,2.038951872819067
0.1,azure:brazilsouth,aws:ap-southeast-1,2,8.0,500.0,True,True,999.67014,1036.89747,3.7239613859027707
0.1,azure:brazilsouth,aws:eu-west-1,2,8.0,500.0,True,True,887.4396000000002,907.6496400000001,2.277342593231126
0.1,azure:brazilsouth,aws:sa-east-1,2,8.0,500.0,True,True,656.9099999999999,664.335,1.1302918207973975
0.1,azure:brazilsouth,aws:us-east-1,2,8.0,500.0,True,True,868.0689000000001,890.2700100000003,2.557528555625043
0.1,azure:brazilsouth,aws:us-west-2,2,8.0,500.0,True,True,877.4595,898.7755500000001,2.429291608330643
0.1,azure:brazilsouth,azure:eastus,2,8.0,500.0,True,True,767.9366999999999,800.0970300000001,4.187888142343018
0.1,azure:brazilsouth,azure:japaneast,2,8.0,500.0,True,True,959.7105,973.3954500000002,1.4259456367310959
0.1,azure:brazilsouth,azure:southeastasia,2,8.0,500.0,True,True,999.981,1015.6385700000001,1.565786749948257
0.1,azure:brazilsouth,azure:westeurope,2,8.0,500.0,True,True,930.0168,946.1851200000001,1.7384976271396502
0.1,azure:brazilsouth,azure:westus2,2,8.0,500.0,True,True,808.3646999999999,836.5902299999999,3.4916826526442892
0.1,azure:brazilsouth,gcp:asia-northeast1,2,8.0,500.0,True,True,960.9110999999998,973.53549,1.3137937526166759
0.1,azure:brazilsouth,gcp:asia-southeast1,2,8.0,500.0,True,True,1010.9177999999998,1034.84385,2.366765131645733
0.1,azure:brazilsouth,gcp:europe-west1,2,8.0,500.0,True,True,937.7117999999998,953.8805699999999,1.7242792508316642
0.1,azure:brazilsouth,gcp:southamerica-east1,2,8.0,500.0,True,True,662.6105999999999,686.02554,3.533740631375369
0.1,azure:brazilsouth,gcp:us-east1,2,8.0,500.0,True,True,808.1369999999998,825.9092999999999,2.199169200271747
0.1,azure:brazilsouth,gcp:us-west1,2,8.0,500.0,True,True,822.969,839.2581,1.979309062674288
0.1,azure:eastus,aws:ap-northeast-1,2,8.0,500.0,True,True,379.51199999999994,381.05280000000005,0.4059950673496764
0.1,azure:eastus,aws:ap-southeast-1,2,8.0,500.0,True,True,529.9551,552.05199,4.169577762342513
0.1,azure:eastus,aws:eu-west-1,2,8.0,500.0,True,True,369.35999999999996,371.32199999999995,0.5311890838206599
0.1,azure:eastus,aws:sa-east-1,2,8.0,500.0,True,True,447.291,477.83790000000005,6.829312461015323
0.1,azure:eastus,aws:us-east-1,2,8.0,500.0,True,True,317.124,324.1476,2.214780338290381
0.1,azure:eastus,aws:us-west-2,2,8.0,500.0,True,True,354.816,358.1243999999999,0.9324269480519337
0.1,azure:eastus,azure:brazilsouth,2,8.0,500.0,True,True,485.5194,515.05146,6.082570541980402
0.1,azure:eastus,azure:japaneast,2,8.0,500.0,True,True,409.176,432.95039999999995,5.810311455217305
0.1,azure:eastus,azure:southeastasia,2,8.0,500.0,True,True,465.8085,490.84514999999993,5.374880449798566
0.1,azure:eastus,azure:westeurope,2,8.0,500.0,True,True,360.639,389.24010000000004,7.930673055326803
0.1,azure:eastus,azure:westus2,2,8.0,500.0,True,True,321.71940000000006,352.56546,9.587876888990811
0.1,azure:eastus,gcp:asia-northeast1,2,8.0,500.0,True,True,509.1839999999999,519.4115999999999,2.0086255656108594
0.1,azure:eastus,gcp:asia-southeast1,2,8.0,500.0,True,True,529.05465,540.801,2.2202526714395208
0.1,azure:eastus,gcp:europe-west1,2,8.0,500.0,True,True,514.242,524.1019500000001,1.917375476915565
0.1,azure:eastus,gcp:southamerica-east1,2,8.0,500.0,True,True,525.708,537.8057999999999,2.301239471341485
0.1,azure:eastus,gcp:us-east1,2,8.0,500.0,True,True,327.1410000000001,329.5629,0.7403229799994303
0.1,azure:eastus,gcp:us-west1,2,8.0,500.0,True,True,335.871,337.47389999999996,0.47723679626998966
0.1,azure:japaneast,aws:ap-northeast-1,2,8.0,500.0,True,True,436.0319999999999,443.0448,1.6083223249669945
0.1,azure:japaneast,aws:ap-southeast-1,2,8.0,500.0,True,True,489.61799999999994,498.9743999999999,1.9109591559133758
0.1,azure:japaneast,aws:eu-west-1,2,8.0,500.0,True,True,560.4489000000001,566.1980100000001,1.025804493505112
0.1,azure:japaneast,aws:sa-east-1,2,8.0,500.0,True,True,615.5253,643.6280699999999,4.56565635888563
0.1,azure:japaneast,aws:us-east-1,2,8.0,500.0,True,True,553.0437,558.39933,0.968391828710827
0.1,azure:japaneast,aws:us-west-2,2,8.0,500.0,True,True,538.8920999999999,545.6088899999999,1.2464072121302108
0.1,azure:japaneast,azure:brazilsouth,2,8.0,500.0,True,True,700.1037,720.7658550000001,2.9512992146734973
0.1,azure:japaneast,azure:eastus,2,8.0,500.0,True,True,444.4623000000001,476.10206999999997,7.118662257743768
0.1,azure:japaneast,azure:southeastasia,2,8.0,500.0,True,True,319.92300000000006,375.64425000000006,17.417081610262468
0.1,azure:japaneast,azure:westeurope,2,8.0,500.0,True,True,592.4403,610.53687,3.0545811957761893
0.1,azure:japaneast,azure:westus2,2,8.0,500.0,True,True,433.7523,466.5170699999999,7.553797409258668
0.1,azure:japaneast,gcp:asia-northeast1,2,8.0,500.0,True,True,434.87100000000004,438.3999,0.811482025704166
0.1,azure:japaneast,gcp:asia-southeast1,2,8.0,500.0,True,True,453.717,455.41529999999995,0.37430821415110316
0.1,azure:japaneast,gcp:europe-west1,2,8.0,500.0,True,True,664.0263,674.4655799999999,1.5721184537419588
0.1,azure:japaneast,gcp:southamerica-east1,2,8.0,500.0,True,True,716.3415,728.68338,1.7229045085339967
0.1,azure:japaneast,gcp:us-east1,2,8.0,500.0,True,True,536.2128,546.2249400000001,1.8671952627762791
0.1,azure:japaneast,gcp:us-west1,2,8.0,500.0,True,True,522.3186000000002,533.1515400000001,2.074010000792599
0.1,azure:southeastasia,aws:ap-northeast-1,2,8.0,500.0,True,True,462.006,466.9614,1.0725834729419217
0.1,azure:southeastasia,aws:ap-southeast-1,2,8.0,500.0,True,True,439.02000000000004,446.27399999999994,1.65231652316521
0.1,azure:southeastasia,aws:eu-west-1,2,8.0,500.0,True,True,560.0862000000001,570.51873,1.862665068341253
0.1,azure:southeastasia,aws:sa-east-1,2,8.0,500.0,True,True,620.3799000000001,654.61671,5.518684599549385
0.1,azure:southeastasia,aws:us-east-1,2,8.0,500.0,True,True,550.0377,558.49293,1.537209176752799
0.1,azure:southeastasia,aws:us-west-2,2,8.0,500.0,True,True,535.8861,546.32673,1.9482927435512771
0.1,azure:southeastasia,azure:brazilsouth,2,8.0,500.0,True,True,727.2746999999999,745.16373,2.459734952968947
0.1,azure:southeastasia,azure:eastus,2,8.0,500.0,True,True,456.2343000000001,486.69687,6.676957431740645
0.1,azure:southeastasia,azure:japaneast,2,8.0,500.0,True,True,250.68059999999997,302.1845400000001,20.54564254274169
0.1,azure:southeastasia,azure:westeurope,2,8.0,500.0,True,True,604.4876999999999,620.71893,2.6851216327478786
0.1,azure:southeastasia,azure:westus2,2,8.0,500.0,True,True,445.52430000000004,477.11186999999995,7.089976910350325
0.1,azure:southeastasia,gcp:asia-northeast1,2,8.0,500.0,True,True,446.913,449.2377,0.5201683549147166
0.1,azure:southeastasia,gcp:asia-southeast1,2,8.0,500.0,True,True,437.71500000000003,440.9595,0.7412357355813621
0.1,azure:southeastasia,gcp:europe-west1,2,8.0,500.0,True,True,674.0082,690.9076799999999,2.5073107419167786
0.1,azure:southeastasia,gcp:southamerica-east1,2,8.0,500.0,True,True,782.3441700000002,795.8553299999999,1.727009737926426
0.1,azure:southeastasia,gcp:us-east1,2,8.0,500.0,True,True,569.9087999999999,580.72392,1.8976931045809597
0.1,azure:southeastasia,gcp:us-west1,2,8.0,500.0,True,True,556.1568,569.6015399999999,2.417436953031935
0.1,azure:westeurope,aws:ap-northeast-1,2,8.0,500.0,True,True,497.50739999999996,512.23698,2.96067555980073
0.1,azure:westeurope,aws:ap-southeast-1,2,8.0,500.0,True,True,536.1228,557.7552,4.034971092443739
0.1,azure:westeurope,aws:eu-west-1,2,8.0,500.0,True,True,321.17400000000004,327.7926,2.060752115675602
0.1,azure:westeurope,aws:sa-east-1,2,8.0,500.0,True,True,481.70789999999994,508.81311000000005,5.626897545172109
0.1,azure:westeurope,aws:us-east-1,2,8.0,500.0,True,True,343.044,347.52959999999996,1.3075873648861303
0.1,azure:westeurope,aws:us-west-2,2,8.0,500.0,True,True,365.922,368.7138,0.7629494810369332
0.1,azure:westeurope,azure:brazilsouth,2,8.0,500.0,True,True,625.0563,642.16287,2.736804668635455
0.1,azure:westeurope,azure:eastus,2,8.0,500.0,True,True,338.346,366.94620000000003,8.452944618822162
0.1,azure:westeurope,azure:japaneast,2,8.0,500.0,True,True,600.3890999999999,605.02509,0.7721642514829312
0.1,azure:westeurope,azure:southeastasia,2,8.0,500.0,True,True,633.2588999999999,643.73751,1.654711840607391
0.1,azure:westeurope,azure:westus2,2,8.0,500.0,True,True,393.372,418.3812,6.357646197492441
0.1,azure:westeurope,gcp:asia-northeast1,2,8.0,500.0,True,True,605.0499299999999,611.160525,1.0099323538472442
0.1,azure:westeurope,gcp:asia-southeast1,2,8.0,500.0,True,True,625.5053999999998,630.9773100000001,0.8747982031810313
0.1,azure:westeurope,gcp:europe-west1,2,8.0,500.0,True,True,347.184,372.8016000000001,7.378681045209484
0.1,azure:westeurope,gcp:southamerica-east1,2,8.0,500.0,True,True,615.16215,618.0803999999999,0.4743871189083957
0.1,azure:westeurope,gcp:us-east1,2,8.0,500.0,True,True,399.18600000000015,419.65740000000017,5.12828606213645
0.1,azure:westeurope,gcp:us-west1,2,8.0,500.0,True,True,411.1739999999999,432.84869999999995,5.2714179398502905
0.1,azure:westus2,aws:ap-northeast-1,2,8.0,500.0,True,True,346.032,350.8128,1.3816063254265498
0.1,azure:westus2,aws:ap-southeast-1,2,8.0,500.0,True,True,503.0451,526.27779,4.61841095361032
0.1,azure:westus2,aws:eu-west-1,2,8.0,500.0,True,True,359.45999999999987,362.412,0.8212318477716888
0.1,azure:westus2,aws:sa-east-1,2,8.0,500.0,True,True,454.76099999999997,484.56090000000006,6.552870628747868
0.1,azure:westus2,aws:us-east-1,2,8.0,500.0,True,True,335.0700000000001,340.2990000000001,1.560569433252748
0.1,azure:westus2,aws:us-west-2,2,8.0,500.0,True,True,321.12,327.74399999999997,2.0627802690582855
0.1,azure:westus2,azure:brazilsouth,2,8.0,500.0,True,True,515.1654000000001,541.7328600000002,5.157073825221976
0.1,azure:westus2,azure:eastus,2,8.0,500.0,True,True,208.98450000000074,251.10512999999997,20.154906225102383
0.1,azure:westus2,azure:japaneast,2,8.0,500.0,True,True,346.788,370.0026,6.694176269075043
0.1,azure:westus2,azure:southeastasia,2,8.0,500.0,True,True,434.1645,462.36555000000004,6.495475793161363
0.1,azure:westus2,azure:westeurope,2,8.0,500.0,True,True,389.646,413.3997,6.0962258049614215
0.1,azure:westus2,gcp:asia-northeast1,2,8.0,500.0,True,True,488.53799999999984,501.57990000000007,2.6695773921374037
0.1,azure:westus2,gcp:asia-southeast1,2,8.0,500.0,True,True,508.57379999999995,521.9226,2.6247518059325983
0.1,azure:westus2,gcp:europe-west1,2,8.0,500.0,True,True,525.3491700000001,535.9401899999999,2.015996332496317
0.1,azure:westus2,gcp:southamerica-east1,2,8.0,500.0,True,True,554.0391000000001,563.3811,1.6861625831100857
0.1,azure:westus2,gcp:us-east1,2,8.0,500.0,True,True,338.481,342.3591,1.145736392884687
0.1,azure:westus2,gcp:us-west1,2,8.0,500.0,True,True,326.99700000000007,331.9695,1.520656152808714
0.1,gcp:asia-northeast1,aws:ap-northeast-1,2,8.0,500.0,True,True,433.62,433.62,0.0
0.1,gcp:asia-northeast1,aws:ap-southeast-1,2,8.0,500.0,True,True,433.62,437.3145,0.8520132835201341
0.1,gcp:asia-northeast1,aws:eu-west-1,2,8.0,500.0,True,True,589.2506999999999,603.4608,2.4115541992567873
0.1,gcp:asia-northeast1,aws:sa-east-1,2,8.0,500.0,True,True,612.4159799999999,628.9678799999999,2.7027217676455875
0.1,gcp:asia-northeast1,aws:us-east-1,2,8.0,500.0,True,True,543.6306,561.7521,3.3334216285838365
0.1,gcp:asia-northeast1,aws:us-west-2,2,8.0,500.0,True,True,520.9001999999999,541.2411000000001,3.9049514667109264
0.1,gcp:asia-northeast1,azure:brazilsouth,2,8.0,500.0,True,True,758.3067,766.94643,1.1393450697455245
0.1,gcp:asia-northeast1,azure:eastus,2,8.0,500.0,True,True,483.066,489.13919999999996,1.257219510377461
0.1,gcp:asia-northeast1,azure:japaneast,2,8.0,500.0,True,True,433.62,433.62,0.0
0.1,gcp:asia-northeast1,azure:southeastasia,2,8.0,500.0,True,True,436.40999999999997,439.78499999999997,0.7733553309960817
0.1,gcp:asia-northeast1,azure:westeurope,2,8.0,500.0,True,True,674.4782700000002,682.14384,1.1365184529962356
0.1,gcp:asia-northeast1,azure:westus2,2,8.0,500.0,True,True,439.9038,445.56479999999993,1.2868722661636351
0.1,gcp:asia-northeast1,gcp:asia-southeast1,2,8.0,500.0,True,True,63.09450000000071,115.13700000000011,82.48341773054517
0.1,gcp:asia-northeast1,gcp:europe-west1,2,8.0,500.0,True,True,602.4339000000001,614.4911549999998,2.001423724660865
0.1,gcp:asia-northeast1,gcp:southamerica-east1,2,8.0,500.0,True,True,642.38868,654.2955,1.8535226990612483
0.1,gcp:asia-northeast1,gcp:us-east1,2,8.0,500.0,True,True,322.4358,334.54052999999993,3.7541519893262354
0.1,gcp:asia-northeast1,gcp:us-west1,2,8.0,500.0,True,True,296.9847,311.52834,4.897100759736121
0.1,gcp:asia-southeast1,aws:ap-northeast-1,2,8.0,500.0,True,True,449.7291,451.7721,0.454273472630525
0.1,gcp:asia-southeast1,aws:ap-southeast-1,2,8.0,500.0,True,True,433.62,433.62,0.0
0.1,gcp:asia-southeast1,aws:eu-west-1,2,8.0,500.0,True,True,627.31953,639.8905499999997,2.003926133146173
0.1,gcp:asia-southeast1,aws:sa-east-1,2,8.0,500.0,True,True,647.7084000000001,663.37551,2.418852372456473
0.1,gcp:asia-southeast1,aws:us-east-1,2,8.0,500.0,True,True,566.16453,584.84547,3.2995602885966675
0.1,gcp:asia-southeast1,aws:us-west-2,2,8.0,500.0,True,True,543.43413,564.3892800000001,3.8560607152149458
0.1,gcp:asia-southeast1,azure:brazilsouth,2,8.0,500.0,True,True,777.3633,785.8986299999999,1.0979846874685144
0.1,gcp:asia-southeast1,azure:eastus,2,8.0,500.0,True,True,510.81479999999993,516.9924,1.209361984030228
0.1,gcp:asia-southeast1,azure:japaneast,2,8.0,500.0,True,True,447.6501,449.901,0.5028257560983459
0.1,gcp:asia-southeast1,azure:southeastasia,2,8.0,500.0,True,True,433.62,433.62,0.0
0.1,gcp:asia-southeast1,azure:westeurope,2,8.0,500.0,True,True,678.8384100000001,687.7820699999999,1.3174946892000108
0.1,gcp:asia-southeast1,azure:westus2,2,8.0,500.0,True,True,463.7636999999999,468.3618,0.9914747531986878
0.1,gcp:asia-southeast1,gcp:asia-northeast1,2,8.0,500.0,True,True,48.973499999999945,106.57890000000003,117.62565469080248
0.1,gcp:asia-southeast1,gcp:europe-west1,2,8.0,500.0,True,True,694.8618299999999,707.62455,1.8367277419742656
0.1,gcp:asia-southeast1,gcp:southamerica-east1,2,8.0,500.0,True,True,734.805,770.5772999999999,4.868271173984931
0.1,gcp:asia-southeast1,gcp:us-east1,2,8.0,500.0,True,True,354.0438,363.3299100000001,2.6228703906127215
0.1,gcp:asia-southeast1,gcp:us-west1,2,8.0,500.0,True,True,325.78470000000004,337.84280999999993,3.701251163728648
0.1,gcp:europe-west1,aws:ap-northeast-1,2,8.0,500.0,True,True,605.4624,619.9500599999999,2.392825714693413
0.1,gcp:europe-west1,aws:ap-southeast-1,2,8.0,500.0,True,True,697.5738,711.71451,2.0271274523211753
0.1,gcp:europe-west1,aws:eu-west-1,2,8.0,500.0,True,True,433.62,433.62,0.0
0.1,gcp:europe-west1,aws:sa-east-1,2,8.0,500.0,True,True,593.2728000000001,606.5387999999999,2.236070826102233
0.1,gcp:europe-west1,aws:us-east-1,2,8.0,500.0,True,True,433.62,438.5934,1.1469489414694825
0.1,gcp:europe-west1,aws:us-west-2,2,8.0,500.0,True,True,479.65680000000003,482.95439999999996,0.6874915564628566
0.1,gcp:europe-west1,azure:brazilsouth,2,8.0,500.0,True,True,746.3231999999999,752.4420299999999,0.8198632978312884
0.1,gcp:europe-west1,azure:eastus,2,8.0,500.0,True,True,439.0866000000001,445.7934000000001,1.527443561247368
0.1,gcp:europe-west1,azure:japaneast,2,8.0,500.0,True,True,693.7181999999999,699.55659,0.8416083072348568
0.1,gcp:europe-west1,azure:southeastasia,2,8.0,500.0,True,True,705.4263,715.3804799999999,1.4110871681421506
0.1,gcp:europe-west1,azure:westeurope,2,8.0,500.0,True,True,433.62,433.62,0.0
0.1,gcp:europe-west1,azure:westus2,2,8.0,500.0,True,True,507.5712000000001,529.1388000000001,4.249177258284152
0.1,gcp:europe-west1,gcp:asia-northeast1,2,8.0,500.0,True,True,592.8399,598.6467000000001,0.9794887287445027
0.1,gcp:europe-west1,gcp:asia-southeast1,2,8.0,500.0,True,True,637.7584499999998,652.8208500000001,2.3617719216421604
0.1,gcp:europe-west1,gcp:southamerica-east1,2,8.0,500.0,True,True,623.2462200000001,637.5329999999999,2.2923171519595886
0.1,gcp:europe-west1,gcp:us-east1,2,8.0,500.0,True,True,294.3504000000001,297.53100000000006,1.080548896824998
0.1,gcp:europe-west1,gcp:us-west1,2,8.0,500.0,True,True,317.0709,318.0339,0.3037175597003769
0.1,gcp:southamerica-east1,aws:ap-northeast-1,2,8.0,500.0,True,True,842.32026,856.07532,1.6329964567158899
0.1,gcp:southamerica-east1,aws:ap-southeast-1,2,8.0,500.0,True,True,957.5713799999996,985.5306899999999,2.9198147087479067
0.1,gcp:southamerica-east1,aws:eu-west-1,2,8.0,500.0,True,True,798.8346,812.9808000000002,1.770854692573423
0.1,gcp:southamerica-east1,aws:sa-east-1,2,8.0,500.0,True,True,649.62,649.62,0.0
0.1,gcp:southamerica-east1,aws:us-east-1,2,8.0,500.0,True,True,747.9,767.0340000000001,2.558363417569211
0.1,gcp:southamerica-east1,aws:us-west-2,2,8.0,500.0,True,True,781.0308000000001,796.9050000000001,2.0324678617027616
0.1,gcp:southamerica-east1,azure:brazilsouth,2,8.0,500.0,True,True,649.62,649.62,0.0
0.1,gcp:southamerica-east1,azure:eastus,2,8.0,500.0,True,True,712.9404000000001,735.5124,3.16604305212608
0.1,gcp:southamerica-east1,azure:japaneast,2,8.0,500.0,True,True,958.19526,960.6834000000001,0.25966941226573775
0.1,gcp:southamerica-east1,azure:southeastasia,2,8.0,500.0,True,True,998.62893,1004.06007,0.5438596696773073
0.1,gcp:southamerica-east1,azure:westeurope,2,8.0,500.0,True,True,943.5570300000002,945.7562700000001,0.2330797111436833
0.1,gcp:southamerica-east1,azure:westus2,2,8.0,500.0,True,True,806.3495999999999,819.6372,1.6478708490709382
0.1,gcp:southamerica-east1,gcp:asia-northeast1,2,8.0,500.0,True,True,879.5455200000001,899.38881,2.256084483268121
0.1,gcp:southamerica-east1,gcp:asia-southeast1,2,8.0,500.0,True,True,900.30357,922.6712699999999,2.4844619909704346
0.1,gcp:southamerica-east1,gcp:europe-west1,2,8.0,500.0,True,True,863.4801600000001,875.4107399999999,1.3816854807642422
0.1,gcp:southamerica-east1,gcp:us-east1,2,8.0,500.0,True,True,696.8942100000002,723.6993600000001,3.8463728949620495
0.1,gcp:southamerica-east1,gcp:us-west1,2,8.0,500.0,True,True,715.91643,742.5120599999999,3.714907059752758
0.1,gcp:us-east1,aws:ap-northeast-1,2,8.0,500.0,True,True,478.3005,481.8419999999999,0.7404340994834686
0.1,gcp:us-east1,aws:ap-southeast-1,2,8.0,500.0,True,True,648.2858399999999,659.6684100000001,1.7557949437859413
0.1,gcp:us-east1,aws:eu-west-1,2,8.0,500.0,True,True,439.63289999999995,443.2257,0.8172272821256253
0.1,gcp:us-east1,aws:sa-east-1,2,8.0,500.0,True,True,465.1541999999999,470.0106,1.0440408793471332
0.1,gcp:us-east1,aws:us-east-1,2,8.0,500.0,True,True,433.62,433.62,0.0
0.1,gcp:us-east1,aws:us-west-2,2,8.0,500.0,True,True,434.2428000000001,437.83470000000005,0.82716397370318
0.1,gcp:us-east1,azure:brazilsouth,2,8.0,500.0,True,True,722.0506499999999,728.63973,0.9125509408515984
0.1,gcp:us-east1,azure:eastus,2,8.0,500.0,True,True,433.62,433.62,0.0
0.1,gcp:us-east1,azure:japaneast,2,8.0,500.0,True,True,462.1626,463.0167,0.18480508807939386
0.1,gcp:us-east1,azure:southeastasia,2,8.0,500.0,True,True,553.0698,570.7323,3.193539043354026
0.1,gcp:us-east1,azure:westeurope,2,8.0,500.0,True,True,485.1315000000003,508.9445999999999,4.908586640941602
0.1,gcp:us-east1,azure:westus2,2,8.0,500.0,True,True,433.62,433.62,0.0
0.1,gcp:us-east1,gcp:asia-northeast1,2,8.0,500.0,True,True,317.1843,320.4468,1.028581805593779
0.1,gcp:us-east1,gcp:asia-southeast1,2,8.0,500.0,True,True,343.6154999999999,345.63239999999996,0.5869642085412556
0.1,gcp:us-east1,gcp:europe-west1,2,8.0,500.0,True,True,295.7130000000001,329.63238,11.470371610311323
0.1,gcp:us-east1,gcp:southamerica-east1,2,8.0,500.0,True,True,421.11674999999997,455.63489999999996,8.196812404161077
0.1,gcp:us-east1,gcp:us-west1,2,8.0,500.0,True,True,71.66700000000061,122.31900000000002,70.67688057264706
0.1,gcp:us-west1,aws:ap-northeast-1,2,8.0,500.0,True,True,470.42100000000005,474.75,0.9202395301230069
0.1,gcp:us-west1,aws:ap-southeast-1,2,8.0,500.0,True,True,635.2190999999998,644.4,1.4453123339647977
0.1,gcp:us-west1,aws:eu-west-1,2,8.0,500.0,True,True,456.0849,457.5465,0.3204666499592457
0.1,gcp:us-west1,aws:sa-east-1,2,8.0,500.0,True,True,481.2263999999999,484.4754,0.675149991771042
0.1,gcp:us-west1,aws:us-east-1,2,8.0,500.0,True,True,433.62,433.62,0.0
0.1,gcp:us-west1,aws:us-west-2,2,8.0,500.0,True,True,433.62,433.62,0.0
0.1,gcp:us-west1,azure:brazilsouth,2,8.0,500.0,True,True,720.4648499999998,727.21323,0.9366702622619427
0.1,gcp:us-west1,azure:eastus,2,8.0,500.0,True,True,433.62,436.9833,0.775633042756326
0.1,gcp:us-west1,azure:japaneast,2,8.0,500.0,True,True,436.71150000000006,440.59680000000003,0.8896720145908619
0.1,gcp:us-west1,azure:southeastasia,2,8.0,500.0,True,True,533.5938,552.6639,3.573898347394596
0.1,gcp:us-west1,azure:westeurope,2,8.0,500.0,True,True,498.7440000000004,521.7354,4.609859968240135
0.1,gcp:us-west1,azure:westus2,2,8.0,500.0,True,True,433.62,433.62,0.0
0.1,gcp:us-west1,gcp:asia-northeast1,2,8.0,500.0,True,True,297.97380000000004,301.3326,1.1272131979388704
0.1,gcp:us-west1,gcp:asia-southeast1,2,8.0,500.0,True,True,316.71180000000004,319.7457,0.9579371529573447
0.1,gcp:us-west1,gcp:europe-west1,2,8.0,500.0,True,True,320.57910000000004,352.01178,9.80496857093926
0.1,gcp:us-west1,gcp:southamerica-east1,2,8.0,500.0,True,True,441.70244999999994,474.1622999999999,7.34880460817004
0.1,gcp:us-west1,gcp:us-east1,2,8.0,500.0,True,True,37.62,37.62,0.0
0.2,aws:ap-northeast-1,aws:ap-southeast-1,2,8.0,500.0,True,True,525.4974000000001,594.7833599999999,13.184834025820072
0.2,aws:ap-northeast-1,aws:eu-west-1,2,8.0,500.0,True,True,505.0521,555.7816799999999,10.04442511970546
0.2,aws:ap-northeast-1,aws:sa-east-1,2,8.0,500.0,True,True,572.6582999999999,639.60084,11.689787784443187
0.2,aws:ap-northeast-1,aws:us-east-1,2,8.0,500.0,True,True,471.7575000000001,527.9579999999999,11.913006152525341
0.2,aws:ap-northeast-1,aws:us-west-2,2,8.0,500.0,True,True,447.30899999999997,508.446,13.667733043600746
0.2,aws:ap-northeast-1,azure:brazilsouth,2,8.0,500.0,True,True,741.636,784.1591999999999,5.733702247463713
0.2,aws:ap-northeast-1,azure:eastus,2,8.0,500.0,True,True,578.1059999999999,600.9336,3.948687610922578
0.2,aws:ap-northeast-1,azure:japaneast,2,8.0,500.0,True,True,433.62,442.4976,2.047322540473219
0.2,aws:ap-northeast-1,azure:southeastasia,2,8.0,500.0,True,True,478.22399999999993,523.9605600000001,9.563836193917531
0.2,aws:ap-northeast-1,azure:westeurope,2,8.0,500.0,True,True,714.7206,735.43968,2.8989062299309634
0.2,aws:ap-northeast-1,azure:westus2,2,8.0,500.0,True,True,578.0519999999998,601.848,4.116584667123402
0.2,aws:ap-northeast-1,gcp:asia-northeast1,2,8.0,500.0,True,True,433.62,436.3704,0.6342880863428839
0.2,aws:ap-northeast-1,gcp:asia-southeast1,2,8.0,500.0,True,True,459.03600000000006,461.36879999999996,0.5081954356520854
0.2,aws:ap-northeast-1,gcp:europe-west1,2,8.0,500.0,True,True,701.9345699999999,713.4924599999997,1.6465765463011484
0.2,aws:ap-northeast-1,gcp:southamerica-east1,2,8.0,500.0,True,True,717.2117999999999,747.9952199999999,4.292096142311097
0.2,aws:ap-northeast-1,gcp:us-east1,2,8.0,500.0,True,True,556.758,581.1984,4.3897707801234915
0.2,aws:ap-northeast-1,gcp:us-west1,2,8.0,500.0,True,True,548.3610000000001,572.8248,4.46125818575717
0.2,aws:ap-southeast-1,aws:ap-northeast-1,2,8.0,500.0,True,True,470.65049999999997,550.37448,16.939104494736537
0.2,aws:ap-southeast-1,aws:eu-west-1,2,8.0,500.0,True,True,625.8321,679.0456800000001,8.502852442372339
0.2,aws:ap-southeast-1,aws:sa-east-1,2,8.0,500.0,True,True,698.6511,796.6692899999999,14.029633675521286
0.2,aws:ap-southeast-1,aws:us-east-1,2,8.0,500.0,True,True,609.8445000000002,661.7728799999998,8.515019812427528
0.2,aws:ap-southeast-1,aws:us-west-2,2,8.0,500.0,True,True,587.7855,643.6648799999999,9.506763947052109
0.2,aws:ap-southeast-1,azure:brazilsouth,2,8.0,500.0,True,True,869.35266,924.1905599999999,6.307900409483981
0.2,aws:ap-southeast-1,azure:eastus,2,8.0,500.0,True,True,701.8479000000001,721.5919199999997,2.8131479769334113
0.2,aws:ap-southeast-1,azure:japaneast,2,8.0,500.0,True,True,508.122,549.5882399999999,8.160685819547258
0.2,aws:ap-southeast-1,azure:southeastasia,2,8.0,500.0,True,True,433.62,452.15279999999996,4.273972602739715
0.2,aws:ap-southeast-1,azure:westeurope,2,8.0,500.0,True,True,694.4561999999999,755.73945,8.824638616517527
0.2,aws:ap-southeast-1,azure:westus2,2,8.0,500.0,True,True,701.0284499999999,718.1863199999999,2.447528342109369
0.2,aws:ap-southeast-1,gcp:asia-northeast1,2,8.0,500.0,True,True,456.99299999999994,459.73439999999994,0.5998778974732653
0.2,aws:ap-southeast-1,gcp:asia-southeast1,2,8.0,500.0,True,True,433.62,437.9472,0.9979244499792456
0.2,aws:ap-southeast-1,gcp:europe-west1,2,8.0,500.0,True,True,802.2842999999998,848.4486299999999,5.75411110500356
0.2,aws:ap-southeast-1,gcp:southamerica-east1,2,8.0,500.0,True,True,887.6537099999997,927.8591399999999,4.529404828376171
0.2,aws:ap-southeast-1,gcp:us-east1,2,8.0,500.0,True,True,703.26,717.0580799999999,1.9620168927565784
0.2,aws:ap-southeast-1,gcp:us-west1,2,8.0,500.0,True,True,691.2432,705.9481199999998,2.1273149594816685
0.2,aws:eu-west-1,aws:ap-northeast-1,2,8.0,500.0,True,True,328.70519999999993,405.19296,23.26940979333461
0.2,aws:eu-west-1,aws:ap-southeast-1,2,8.0,500.0,True,True,453.9204000000001,524.34288,15.514279596158257
0.2,aws:eu-west-1,aws:sa-east-1,2,8.0,500.0,True,True,361.6208999999999,443.81592000000006,22.729609931284443
0.2,aws:eu-west-1,aws:us-east-1,2,8.0,500.0,True,True,167.47740000000002,260.73143999999996,55.68156658749177
0.2,aws:eu-west-1,aws:us-west-2,2,8.0,500.0,True,True,182.36339999999998,273.18024,49.79992695902799
0.2,aws:eu-west-1,azure:brazilsouth,2,8.0,500.0,True,True,545.2299,574.9927199999998,5.4587651924444724
0.2,aws:eu-west-1,azure:eastus,2,8.0,500.0,True,True,376.578,394.86239999999987,4.855408441279069
0.2,aws:eu-west-1,azure:japaneast,2,8.0,500.0,True,True,472.221,507.1183199999999,7.3900398330442565
0.2,aws:eu-west-1,azure:southeastasia,2,8.0,500.0,True,True,497.0969999999999,536.6383199999999,7.954447522314556
0.2,aws:eu-west-1,azure:westeurope,2,8.0,500.0,True,True,546.9525000000002,582.2240400000001,6.448739150108983
0.2,aws:eu-west-1,azure:westus2,2,8.0,500.0,True,True,397.4219999999999,416.6927999999999,4.848951492368317
0.2,aws:eu-west-1,gcp:asia-northeast1,2,8.0,500.0,True,True,514.1249999999999,540.7182,5.1725164113785835
0.2,aws:eu-west-1,gcp:asia-southeast1,2,8.0,500.0,True,True,525.5010000000001,555.42654,5.694668516330121
0.2,aws:eu-west-1,gcp:europe-west1,2,8.0,500.0,True,True,325.62,334.548,2.7418463239358752
0.2,aws:eu-west-1,gcp:southamerica-east1,2,8.0,500.0,True,True,547.20927,567.9135,3.7836036659247485
0.2,aws:eu-west-1,gcp:us-east1,2,8.0,500.0,True,True,364.221,371.7647999999999,2.071215004077173
0.2,aws:eu-west-1,gcp:us-west1,2,8.0,500.0,True,True,371.133,377.29439999999994,1.6601595654387937
0.2,aws:sa-east-1,aws:ap-northeast-1,2,8.0,500.0,True,True,752.76,811.7460000000001,7.835963653754198
0.2,aws:sa-east-1,aws:ap-southeast-1,2,8.0,500.0,True,True,861.76926,942.6999599999999,9.391226138653389
0.2,aws:sa-east-1,aws:eu-west-1,2,8.0,500.0,True,True,728.6436,790.6356000000001,8.507863103443174
0.2,aws:sa-east-1,aws:us-east-1,2,8.0,500.0,True,True,702.5076,766.86048,9.160453210755303
0.2,aws:sa-east-1,aws:us-west-2,2,8.0,500.0,True,True,718.8696,778.8052799999999,8.337489859078746
0.2,aws:sa-east-1,azure:brazilsouth,2,8.0,500.0,True,True,541.62,590.77296,9.07517447657029
0.2,aws:sa-east-1,azure:eastus,2,8.0,500.0,True,True,722.2356000000001,780.1113599999999,8.013418336066483
0.2,aws:sa-east-1,azure:japaneast,2,8.0,500.0,True,True,862.497,895.98708,3.8829213319002887
0.2,aws:sa-east-1,azure:southeastasia,2,8.0,500.0,True,True,902.0465999999998,931.6575,3.2826352873565785
0.2,aws:sa-east-1,azure:westeurope,2,8.0,500.0,True,True,873.1367999999999,917.0971200000001,5.034757440071276
0.2,aws:sa-east-1,azure:westus2,2,8.0,500.0,True,True,751.0176,805.25376,7.221689611535075
0.2,aws:sa-east-1,gcp:asia-northeast1,2,8.0,500.0,True,True,873.8091,918.8092800000001,5.149886857438326
0.2,aws:sa-east-1,gcp:asia-southeast1,2,8.0,500.0,True,True,914.60025,972.49662,6.330237718609857
0.2,aws:sa-east-1,gcp:europe-west1,2,8.0,500.0,True,True,840.7052999999999,888.8040000000002,5.721231922767747
0.2,aws:sa-east-1,gcp:southamerica-east1,2,8.0,500.0,True,True,541.62,596.66976,10.163908275174476
0.2,aws:sa-east-1,gcp:us-east1,2,8.0,500.0,True,True,767.6568000000001,797.6980799999999,3.913373788911894
0.2,aws:sa-east-1,gcp:us-west1,2,8.0,500.0,True,True,775.0818,803.8612799999999,3.7130893797273794
0.2,aws:us-east-1,aws:ap-northeast-1,2,8.0,500.0,True,True,303.54120000000006,371.89295999999996,22.5181161568841
0.2,aws:us-east-1,aws:ap-southeast-1,2,8.0,500.0,True,True,430.0370999999999,497.26152,15.63223731161803
0.2,aws:us-east-1,aws:eu-west-1,2,8.0,500.0,True,True,242.22690000000006,323.05751999999995,33.36979501450907
0.2,aws:us-east-1,aws:sa-east-1,2,8.0,500.0,True,True,342.7568999999999,427.67351999999994,24.774590971035167
0.2,aws:us-east-1,aws:us-west-2,2,8.0,500.0,True,True,144.84600000000006,209.72448000000003,44.791350813967895
0.2,aws:us-east-1,azure:brazilsouth,2,8.0,500.0,True,True,509.9409,537.7222799999998,5.447960734273294
0.2,aws:us-east-1,azure:eastus,2,8.0,500.0,True,True,325.62,338.8176,4.053067993366508
0.2,aws:us-east-1,azure:japaneast,2,8.0,500.0,True,True,440.69399999999996,469.47599999999983,6.531062369807593
0.2,aws:us-east-1,azure:southeastasia,2,8.0,500.0,True,True,466.10999999999996,489.48480000000006,5.0148677350840165
0.2,aws:us-east-1,azure:westeurope,2,8.0,500.0,True,True,548.1036,567.8668799999999,3.605756284030956
0.2,aws:us-east-1,azure:westus2,2,8.0,500.0,True,True,367.2179999999999,374.0544,1.8616734473800534
0.2,aws:us-east-1,gcp:asia-northeast1,2,8.0,500.0,True,True,488.95199999999994,513.8352,5.089088499484622
0.2,aws:us-east-1,gcp:asia-southeast1,2,8.0,500.0,True,True,499.29300000000006,525.2256,5.193864123871138
0.2,aws:us-east-1,gcp:europe-west1,2,8.0,500.0,True,True,397.87199999999996,440.52479999999997,10.720231632283754
0.2,aws:us-east-1,gcp:southamerica-east1,2,8.0,500.0,True,True,521.5824000000001,541.0655999999999,3.7354021147952423
0.2,aws:us-east-1,gcp:us-east1,2,8.0,500.0,True,True,333.36,340.7904,2.228941684665216
0.2,aws:us-east-1,gcp:us-west1,2,8.0,500.0,True,True,347.91299999999995,352.54080000000005,1.330160126238483
0.2,aws:us-west-2,aws:ap-northeast-1,2,8.0,500.0,True,True,287.61120000000005,359.14896,24.873078656185825
0.2,aws:us-west-2,aws:ap-southeast-1,2,8.0,500.0,True,True,406.2123,477.41832,17.529262407859132
0.2,aws:us-west-2,aws:eu-west-1,2,8.0,500.0,True,True,247.03290000000004,326.90232000000003,32.331491068598545
0.2,aws:us-west-2,aws:sa-east-1,2,8.0,500.0,True,True,352.3149,435.85992,23.713166828879494
0.2,aws:us-west-2,aws:us-east-1,2,8.0,500.0,True,True,164.88000000000028,227.66976,38.08209606986876
0.2,aws:us-west-2,azure:brazilsouth,2,8.0,500.0,True,True,536.1749999999998,562.96296,4.996122534620249
0.2,aws:us-west-2,azure:eastus,2,8.0,500.0,True,True,365.49,372.132,1.817286382664367
0.2,aws:us-west-2,azure:japaneast,2,8.0,500.0,True,True,425.05199999999996,450.1944,5.915135089353775
0.2,aws:us-west-2,azure:southeastasia,2,8.0,500.0,True,True,449.92799999999994,470.2032,4.506321011361828
0.2,aws:us-west-2,azure:westeurope,2,8.0,500.0,True,True,522.3204000000001,548.0524799999998,4.926493393710023
0.2,aws:us-west-2,azure:westus2,2,8.0,500.0,True,True,344.4300000000001,356.256,3.433498824144194
0.2,aws:us-west-2,gcp:asia-northeast1,2,8.0,500.0,True,True,464.10299999999995,491.64480000000003,5.934415420714816
0.2,aws:us-west-2,gcp:asia-southeast1,2,8.0,500.0,True,True,475.713,504.6983999999999,6.093043494712117
0.2,aws:us-west-2,gcp:europe-west1,2,8.0,500.0,True,True,447.74999999999994,481.896,7.626130653266348
0.2,aws:us-west-2,gcp:southamerica-east1,2,8.0,500.0,True,True,545.1695100000001,565.9983,3.8206080160278795
0.2,aws:us-west-2,gcp:us-east1,2,8.0,500.0,True,True,352.38599999999997,361.75679999999994,2.6592429892220393
0.2,aws:us-west-2,gcp:us-west1,2,8.0,500.0,True,True,341.9549999999999,353.84400000000005,3.476773259639463
0.2,azure:brazilsouth,aws:ap-northeast-1,2,8.0,500.0,True,True,911.7405000000001,953.3339999999998,4.561988855381516
0.2,azure:brazilsouth,aws:ap-southeast-1,2,8.0,500.0,True,True,999.67014,1075.64724,7.600217007582128
0.2,azure:brazilsouth,aws:eu-west-1,2,8.0,500.0,True,True,887.4396000000002,929.05992,4.689932700771959
0.2,azure:brazilsouth,aws:sa-east-1,2,8.0,500.0,True,True,656.9099999999999,678.2918400000002,3.2549116317304283
0.2,azure:brazilsouth,aws:us-east-1,2,8.0,500.0,True,True,868.0689000000001,913.24872,5.204635254183159
0.2,azure:brazilsouth,aws:us-west-2,2,8.0,500.0,True,True,877.4595,920.0916,4.858583216661272
0.2,azure:brazilsouth,azure:eastus,2,8.0,500.0,True,True,767.9366999999999,833.6152800000001,8.55260335910502
0.2,azure:brazilsouth,azure:japaneast,2,8.0,500.0,True,True,959.7105,989.9630999999999,3.1522631043423948
0.2,azure:brazilsouth,azure:southeastasia,2,8.0,500.0,True,True,999.981,1034.2429200000001,3.4262570988848933
0.2,azure:brazilsouth,azure:westeurope,2,8.0,500.0,True,True,930.0168,963.4334399999999,3.5931221887604523
0.2,azure:brazilsouth,azure:westus2,2,8.0,500.0,True,True,808.3646999999999,865.3557599999999,7.050166836825021
0.2,azure:brazilsouth,gcp:asia-northeast1,2,8.0,500.0,True,True,960.9110999999998,1000.29636,4.098741288346056
0.2,azure:brazilsouth,gcp:asia-southeast1,2,8.0,500.0,True,True,1010.9177999999998,1068.7734,5.7230765943581385
0.2,azure:brazilsouth,gcp:europe-west1,2,8.0,500.0,True,True,937.7117999999998,981.99504,4.722478697612658
0.2,azure:brazilsouth,gcp:southamerica-east1,2,8.0,500.0,True,True,662.6105999999999,710.1360000000001,7.172447890208853
0.2,azure:brazilsouth,gcp:us-east1,2,8.0,500.0,True,True,808.1369999999998,844.47432,4.496430679451654
0.2,azure:brazilsouth,gcp:us-west1,2,8.0,500.0,True,True,822.969,856.4227199999999,4.065003663564467
0.2,azure:eastus,aws:ap-northeast-1,2,8.0,500.0,True,True,379.51199999999994,387.1872000000001,2.022386643900623
0.2,azure:eastus,aws:ap-southeast-1,2,8.0,500.0,True,True,529.9551,575.01288,8.502188204245979
0.2,azure:eastus,aws:eu-west-1,2,8.0,500.0,True,True,369.35999999999996,374.36400000000003,1.3547758284600597
0.2,azure:eastus,aws:sa-east-1,2,8.0,500.0,True,True,447.291,508.9248,13.77935169721725
0.2,azure:eastus,aws:us-east-1,2,8.0,500.0,True,True,317.124,331.17120000000006,4.429560676580779
0.2,azure:eastus,aws:us-west-2,2,8.0,500.0,True,True,354.816,361.97279999999995,2.017045454545448
0.2,azure:eastus,azure:brazilsouth,2,8.0,500.0,True,True,485.5194,552.2785199999998,13.75004170791112
0.2,azure:eastus,azure:japaneast,2,8.0,500.0,True,True,409.176,456.7248,11.620622910434637
0.2,azure:eastus,azure:southeastasia,2,8.0,500.0,True,True,465.8085,520.6067999999999,11.764126245012688
0.2,azure:eastus,azure:westeurope,2,8.0,500.0,True,True,360.639,419.3064,16.267624965685904
0.2,azure:eastus,azure:westus2,2,8.0,500.0,True,True,321.71940000000006,384.9516,19.654456647625203
0.2,azure:eastus,gcp:asia-northeast1,2,8.0,500.0,True,True,509.1839999999999,533.6261999999999,4.800268665158375
0.2,azure:eastus,gcp:asia-southeast1,2,8.0,500.0,True,True,529.05465,553.8866399999999,4.693653103701084
0.2,azure:eastus,gcp:europe-west1,2,8.0,500.0,True,True,514.242,535.2398999999999,4.083272078126633
0.2,azure:eastus,gcp:southamerica-east1,2,8.0,500.0,True,True,525.708,549.9900000000001,4.618913921796921
0.2,azure:eastus,gcp:us-east1,2,8.0,500.0,True,True,327.1410000000001,336.3264,2.8077801315028994
0.2,azure:eastus,gcp:us-west1,2,8.0,500.0,True,True,335.871,343.41839999999996,2.2471127307805623
0.2,azure:japaneast,aws:ap-northeast-1,2,8.0,500.0,True,True,436.0319999999999,450.0576000000001,3.216644649933989
0.2,azure:japaneast,aws:ap-southeast-1,2,8.0,500.0,True,True,489.61799999999994,510.62832000000003,4.291165765964506
0.2,azure:japaneast,aws:eu-west-1,2,8.0,500.0,True,True,560.4489000000001,576.7293599999999,2.904896414285019
0.2,azure:japaneast,aws:sa-east-1,2,8.0,500.0,True,True,615.5253,675.9536399999998,9.817360878586115
0.2,azure:japaneast,aws:us-east-1,2,8.0,500.0,True,True,553.0437,564.8853600000001,2.141179801885486
0.2,azure:japaneast,aws:us-west-2,2,8.0,500.0,True,True,538.8920999999999,554.0709599999999,2.81667888618148
0.2,azure:japaneast,azure:brazilsouth,2,8.0,500.0,True,True,700.1037,761.9161500000001,8.829042040486305
0.2,azure:japaneast,azure:eastus,2,8.0,500.0,True,True,444.4623000000001,508.28184000000005,14.358819634421174
0.2,azure:japaneast,azure:southeastasia,2,8.0,500.0,True,True,319.92300000000006,430.686,34.621768363012315
0.2,azure:japaneast,azure:westeurope,2,8.0,500.0,True,True,592.4403,635.0522400000001,7.192613331672426
0.2,azure:japaneast,azure:westus2,2,8.0,500.0,True,True,433.7523,499.82184000000007,15.232089835604349
0.2,azure:japaneast,gcp:asia-northeast1,2,8.0,500.0,True,True,434.87100000000004,441.9288,1.6229640514083452
0.2,azure:japaneast,gcp:asia-southeast1,2,8.0,500.0,True,True,453.717,457.1136,0.7486164283022314
0.2,azure:japaneast,gcp:europe-west1,2,8.0,500.0,True,True,664.0263,686.65446,3.407720447217223
0.2,azure:japaneast,gcp:southamerica-east1,2,8.0,500.0,True,True,716.3415,746.2527299999997,4.175554536488491
0.2,azure:japaneast,gcp:us-east1,2,8.0,500.0,True,True,536.2128,560.93328,4.61019953272282
0.2,azure:japaneast,gcp:us-west1,2,8.0,500.0,True,True,522.3186000000002,549.3124799999999,5.168087064102208
0.2,azure:southeastasia,aws:ap-northeast-1,2,8.0,500.0,True,True,462.006,471.3768,2.0282853469435533
0.2,azure:southeastasia,aws:ap-southeast-1,2,8.0,500.0,True,True,439.02000000000004,453.528,3.304633046330459
0.2,azure:southeastasia,aws:eu-west-1,2,8.0,500.0,True,True,560.0862000000001,583.18776,4.124643670920645
0.2,azure:southeastasia,aws:sa-east-1,2,8.0,500.0,True,True,620.3799000000001,695.61531,12.12731263537066
0.2,azure:southeastasia,aws:us-east-1,2,8.0,500.0,True,True,550.0377,571.89816,3.974356666824836
0.2,azure:southeastasia,aws:us-west-2,2,8.0,500.0,True,True,535.8861,561.7656000000001,4.829291149742455
0.2,azure:southeastasia,azure:brazilsouth,2,8.0,500.0,True,True,727.2746999999999,774.2640599999999,6.461019474484665
0.2,azure:southeastasia,azure:eastus,2,8.0,500.0,True,True,456.2343000000001,517.69944,13.47227510075413
0.2,azure:southeastasia,azure:japaneast,2,8.0,500.0,True,True,250.68059999999997,359.09568000000013,43.248292847551895
0.2,azure:southeastasia,azure:westeurope,2,8.0,500.0,True,True,604.4876999999999,641.81016,6.174229847853
0.2,azure:southeastasia,azure:westus2,2,8.0,500.0,True,True,445.52430000000004,511.98983999999996,14.918499394982476
0.2,azure:southeastasia,gcp:asia-northeast1,2,8.0,500.0,True,True,446.913,452.1024,1.1611655959884761
0.2,azure:southeastasia,gcp:asia-southeast1,2,8.0,500.0,True,True,437.71500000000003,444.20400000000006,1.4824714711627502
0.2,azure:southeastasia,gcp:europe-west1,2,8.0,500.0,True,True,674.0082,707.1600599999999,4.918613749803036
0.2,azure:southeastasia,gcp:southamerica-east1,2,8.0,500.0,True,True,782.3441700000002,812.4454800000002,3.8475790009402133
0.2,azure:southeastasia,gcp:us-east1,2,8.0,500.0,True,True,569.9087999999999,597.4488000000001,4.832352123708248
0.2,azure:southeastasia,gcp:us-west1,2,8.0,500.0,True,True,556.1568,585.8280000000001,5.335042203925244
0.2,azure:westeurope,aws:ap-northeast-1,2,8.0,500.0,True,True,497.50739999999996,529.62264,6.455228605644879
0.2,azure:westeurope,aws:ap-southeast-1,2,8.0,500.0,True,True,536.1228,581.1278399999999,8.394539459989371
0.2,azure:westeurope,aws:eu-west-1,2,8.0,500.0,True,True,321.17400000000004,334.9512,4.289637392815089
0.2,azure:westeurope,aws:sa-east-1,2,8.0,500.0,True,True,481.70789999999994,536.45832,11.365896220510402
0.2,azure:westeurope,aws:us-east-1,2,8.0,500.0,True,True,343.044,352.55519999999996,2.772588939028222
0.2,azure:westeurope,aws:us-west-2,2,8.0,500.0,True,True,365.922,389.7885599999999,6.522308032859428
0.2,azure:westeurope,azure:brazilsouth,2,8.0,500.0,True,True,625.0563,667.3640399999999,6.768628681928327
0.2,azure:westeurope,azure:eastus,2,8.0,500.0,True,True,338.346,397.2744,17.41660903335639
0.2,azure:westeurope,azure:japaneast,2,8.0,500.0,True,True,600.3890999999999,611.0186400000001,1.770441868448353
0.2,azure:westeurope,azure:southeastasia,2,8.0,500.0,True,True,633.2588999999999,656.5111199999999,3.6718346950986342
0.2,azure:westeurope,azure:westus2,2,8.0,500.0,True,True,393.372,443.17440000000005,12.660382538665699
0.2,azure:westeurope,gcp:asia-northeast1,2,8.0,500.0,True,True,605.0499299999999,615.48228,1.7242130744482598
0.2,azure:westeurope,gcp:asia-southeast1,2,8.0,500.0,True,True,625.5053999999998,636.44832,1.7494525227120645
0.2,azure:westeurope,gcp:europe-west1,2,8.0,500.0,True,True,347.184,398.41920000000016,14.757362090418951
0.2,azure:westeurope,gcp:southamerica-east1,2,8.0,500.0,True,True,615.16215,621.3447000000001,1.0050276987945546
0.2,azure:westeurope,gcp:us-east1,2,8.0,500.0,True,True,399.18600000000015,440.66880000000003,10.391847409478256
0.2,azure:westeurope,gcp:us-west1,2,8.0,500.0,True,True,411.1739999999999,454.9067099999999,10.636059186621724
0.2,azure:westus2,aws:ap-northeast-1,2,8.0,500.0,True,True,346.032,356.1336,2.919267582188936
0.2,azure:westus2,aws:ap-southeast-1,2,8.0,500.0,True,True,503.0451,551.5624799999998,9.644737618953018
0.2,azure:westus2,aws:eu-west-1,2,8.0,500.0,True,True,359.45999999999987,366.44399999999996,1.9429143715573627
0.2,azure:westus2,aws:sa-east-1,2,8.0,500.0,True,True,454.76099999999997,515.1779999999999,13.28544004433096
0.2,azure:westus2,aws:us-east-1,2,8.0,500.0,True,True,335.0700000000001,346.068,3.2822992210582482
0.2,azure:westus2,aws:us-west-2,2,8.0,500.0,True,True,321.12,334.90799999999984,4.2937219730941205
0.2,azure:westus2,azure:brazilsouth,2,8.0,500.0,True,True,515.1654000000001,577.2157199999999,12.044737476546333
0.2,azure:westus2,azure:eastus,2,8.0,500.0,True,True,208.98450000000074,293.16456,40.28052798173978
0.2,azure:westus2,azure:japaneast,2,8.0,500.0,True,True,346.788,400.65119999999996,15.532025329596163
0.2,azure:westus2,azure:southeastasia,2,8.0,500.0,True,True,434.1645,494.75160000000005,13.954871943698777
0.2,azure:westus2,azure:westeurope,2,8.0,500.0,True,True,389.646,439.2864,12.739871575737977
0.2,azure:westus2,gcp:asia-northeast1,2,8.0,500.0,True,True,488.53799999999984,513.7514999999999,5.161011016543241
0.2,azure:westus2,gcp:asia-southeast1,2,8.0,500.0,True,True,508.57379999999995,537.2126999999999,5.63121812409526
0.2,azure:westus2,gcp:europe-west1,2,8.0,500.0,True,True,525.3491700000001,548.15526,4.341129919363901
0.2,azure:westus2,gcp:southamerica-east1,2,8.0,500.0,True,True,554.0391000000001,572.7231,3.3723251662202123
0.2,azure:westus2,gcp:us-east1,2,8.0,500.0,True,True,338.481,347.47920000000005,2.6584062325507354
0.2,azure:westus2,gcp:us-west1,2,8.0,500.0,True,True,326.99700000000007,338.184,3.421132303966077
0.2,gcp:asia-northeast1,aws:ap-northeast-1,2,8.0,500.0,True,True,433.62,433.62,0.0
0.2,gcp:asia-northeast1,aws:ap-southeast-1,2,8.0,500.0,True,True,433.62,440.964,1.693648816936487
0.2,gcp:asia-northeast1,aws:eu-west-1,2,8.0,500.0,True,True,589.2506999999999,617.1263999999999,4.730702907947321
0.2,gcp:asia-northeast1,aws:sa-east-1,2,8.0,500.0,True,True,612.4159799999999,644.99526,5.319795868161402
0.2,gcp:asia-northeast1,aws:us-east-1,2,8.0,500.0,True,True,543.6306,579.8754000000001,6.667174364357005
0.2,gcp:asia-northeast1,aws:us-west-2,2,8.0,500.0,True,True,520.9001999999999,562.9409999999999,8.070797438741623
0.2,gcp:asia-northeast1,azure:brazilsouth,2,8.0,500.0,True,True,758.3067,793.5699599999999,4.650263541123921
0.2,gcp:asia-northeast1,azure:eastus,2,8.0,500.0,True,True,483.066,515.2662,6.665797220255628
0.2,gcp:asia-northeast1,azure:japaneast,2,8.0,500.0,True,True,433.62,433.62,0.0
0.2,gcp:asia-northeast1,azure:southeastasia,2,8.0,500.0,True,True,436.40999999999997,443.16,1.5467106619921764
0.2,gcp:asia-northeast1,azure:westeurope,2,8.0,500.0,True,True,674.4782700000002,690.3620999999999,2.3549802427289106
0.2,gcp:asia-northeast1,azure:westus2,2,8.0,500.0,True,True,439.9038,452.4174,2.8446219377963997
0.2,gcp:asia-northeast1,gcp:asia-southeast1,2,8.0,500.0,True,True,63.09450000000071,169.56737999999996,168.75144426217508
0.2,gcp:asia-northeast1,gcp:europe-west1,2,8.0,500.0,True,True,602.4339000000001,630.0929699999998,4.591220713176948
0.2,gcp:asia-northeast1,gcp:southamerica-east1,2,8.0,500.0,True,True,642.38868,667.9863,3.9847557712256085
0.2,gcp:asia-northeast1,gcp:us-east1,2,8.0,500.0,True,True,322.4358,383.10318,18.815336262288508
0.2,gcp:asia-northeast1,gcp:us-west1,2,8.0,500.0,True,True,296.9847,360.75356999999934,21.47210613880088
0.2,gcp:asia-southeast1,aws:ap-northeast-1,2,8.0,500.0,True,True,449.7291,453.8151,0.9085469452610373
0.2,gcp:asia-southeast1,aws:ap-southeast-1,2,8.0,500.0,True,True,433.62,433.62,0.0
0.2,gcp:asia-southeast1,aws:eu-west-1,2,8.0,500.0,True,True,627.31953,654.0483600000001,4.260799914837679
0.2,gcp:asia-southeast1,aws:sa-east-1,2,8.0,500.0,True,True,647.7084000000001,686.64285,6.01110777627708
0.2,gcp:asia-southeast1,aws:us-east-1,2,8.0,500.0,True,True,566.16453,603.5896800000002,6.610295773915781
0.2,gcp:asia-southeast1,aws:us-west-2,2,8.0,500.0,True,True,543.43413,587.0043,8.017562312473817
0.2,gcp:asia-southeast1,azure:brazilsouth,2,8.0,500.0,True,True,777.3633,822.8385,5.8499288556586055
0.2,gcp:asia-southeast1,azure:eastus,2,8.0,500.0,True,True,510.81479999999993,540.5633999999999,5.8237545192504125
0.2,gcp:asia-southeast1,azure:japaneast,2,8.0,500.0,True,True,447.6501,452.1519,1.0056515121966918
0.2,gcp:asia-southeast1,azure:southeastasia,2,8.0,500.0,True,True,433.62,433.62,0.0
0.2,gcp:asia-southeast1,azure:westeurope,2,8.0,500.0,True,True,678.8384100000001,699.1900199999999,2.99800507752645
0.2,gcp:asia-southeast1,azure:westus2,2,8.0,500.0,True,True,463.7636999999999,485.1621,4.614073934635267
0.2,gcp:asia-southeast1,gcp:asia-northeast1,2,8.0,500.0,True,True,48.973499999999945,178.37594999999996,264.2295322980799
0.2,gcp:asia-southeast1,gcp:europe-west1,2,8.0,500.0,True,True,694.8618299999999,719.7311699999998,3.5790338346833437
0.2,gcp:asia-southeast1,gcp:southamerica-east1,2,8.0,500.0,True,True,734.805,804.7280700000001,9.515867475044423
0.2,gcp:asia-southeast1,gcp:us-east1,2,8.0,500.0,True,True,354.0438,406.2213,14.737583315962604
0.2,gcp:asia-southeast1,gcp:us-west1,2,8.0,500.0,True,True,325.78470000000004,385.91666999999967,18.457579499589645
0.2,gcp:europe-west1,aws:ap-northeast-1,2,8.0,500.0,True,True,605.4624,634.7085299999999,4.830379227512704
0.2,gcp:europe-west1,aws:ap-southeast-1,2,8.0,500.0,True,True,697.5738,730.32552,4.6950903259268015
0.2,gcp:europe-west1,aws:eu-west-1,2,8.0,500.0,True,True,433.62,433.62,0.0
0.2,gcp:europe-west1,aws:sa-east-1,2,8.0,500.0,True,True,593.2728000000001,620.8847999999999,4.654182696391921
0.2,gcp:europe-west1,aws:us-east-1,2,8.0,500.0,True,True,433.62,446.10119999999984,2.878372768783689
0.2,gcp:europe-west1,aws:us-west-2,2,8.0,500.0,True,True,479.65680000000003,490.4711999999999,2.2546120476140152
0.2,gcp:europe-west1,azure:brazilsouth,2,8.0,500.0,True,True,746.3231999999999,782.53146,4.851552249749185
0.2,gcp:europe-west1,azure:eastus,2,8.0,500.0,True,True,439.0866000000001,452.50199999999995,3.055297064405942
0.2,gcp:europe-west1,azure:japaneast,2,8.0,500.0,True,True,693.7181999999999,705.6964799999998,1.7266780661081012
0.2,gcp:europe-west1,azure:southeastasia,2,8.0,500.0,True,True,705.4263,727.7753699999998,3.16816512228136
0.2,gcp:europe-west1,azure:westeurope,2,8.0,500.0,True,True,433.62,433.62,0.0
0.2,gcp:europe-west1,azure:westus2,2,8.0,500.0,True,True,507.5712000000001,550.7063999999999,8.49835451656828
0.2,gcp:europe-west1,gcp:asia-northeast1,2,8.0,500.0,True,True,592.8399,612.3209400000001,3.286054126923664
0.2,gcp:europe-west1,gcp:asia-southeast1,2,8.0,500.0,True,True,637.7584499999998,670.5414899999997,5.140353687199272
0.2,gcp:europe-west1,gcp:southamerica-east1,2,8.0,500.0,True,True,623.2462200000001,651.8367000000001,4.587349121828601
0.2,gcp:europe-west1,gcp:us-east1,2,8.0,500.0,True,True,294.3504000000001,334.59047999999996,13.670808668851766
0.2,gcp:europe-west1,gcp:us-west1,2,8.0,500.0,True,True,317.0709,352.87487999999996,11.292105330385088
0.2,gcp:southamerica-east1,aws:ap-northeast-1,2,8.0,500.0,True,True,842.32026,870.33744,3.3261909193541244
0.2,gcp:southamerica-east1,aws:ap-southeast-1,2,8.0,500.0,True,True,957.5713799999996,1017.9708299999999,6.307566335159291
0.2,gcp:southamerica-east1,aws:eu-west-1,2,8.0,500.0,True,True,798.8346,827.6741999999998,3.610209172211593
0.2,gcp:southamerica-east1,aws:sa-east-1,2,8.0,500.0,True,True,649.62,649.62,0.0
0.2,gcp:southamerica-east1,aws:us-east-1,2,8.0,500.0,True,True,747.9,786.1662,5.116486161251508
0.2,gcp:southamerica-east1,aws:us-west-2,2,8.0,500.0,True,True,781.0308000000001,813.3192,4.134075122261492
0.2,gcp:southamerica-east1,azure:brazilsouth,2,8.0,500.0,True,True,649.62,649.62,0.0
0.2,gcp:southamerica-east1,azure:eastus,2,8.0,500.0,True,True,712.9404000000001,758.0916000000001,6.333096006342187
0.2,gcp:southamerica-east1,azure:japaneast,2,8.0,500.0,True,True,958.19526,963.22554,0.5249744190970076
0.2,gcp:southamerica-east1,azure:southeastasia,2,8.0,500.0,True,True,998.62893,1015.78419,1.71788133556275
0.2,gcp:southamerica-east1,azure:westeurope,2,8.0,500.0,True,True,943.5570300000002,947.9425500000001,0.4647858964073351
0.2,gcp:southamerica-east1,azure:westus2,2,8.0,500.0,True,True,806.3495999999999,835.9812000000001,3.6747832453814286
0.2,gcp:southamerica-east1,gcp:asia-northeast1,2,8.0,500.0,True,True,879.5455200000001,915.7969799999998,4.121612716531114
0.2,gcp:southamerica-east1,gcp:asia-southeast1,2,8.0,500.0,True,True,900.30357,954.0861300000003,5.973825028817804
0.2,gcp:southamerica-east1,gcp:europe-west1,2,8.0,500.0,True,True,863.4801600000001,889.6677299999999,3.032793480744227
0.2,gcp:southamerica-east1,gcp:us-east1,2,8.0,500.0,True,True,696.8942100000002,750.5159399999999,7.694385924084478
0.2,gcp:southamerica-east1,gcp:us-west1,2,8.0,500.0,True,True,715.91643,768.7459800000048,7.379290066021367
0.2,gcp:us-east1,aws:ap-northeast-1,2,8.0,500.0,True,True,478.3005,498.6684,4.258389861603745
0.2,gcp:us-east1,aws:ap-southeast-1,2,8.0,500.0,True,True,648.2858399999999,671.33322,3.5551262387591396
0.2,gcp:us-east1,aws:eu-west-1,2,8.0,500.0,True,True,439.63289999999995,446.27849999999995,1.5116248124287337
0.2,gcp:us-east1,aws:sa-east-1,2,8.0,500.0,True,True,465.1541999999999,476.8001999999999,2.5036858744906567
0.2,gcp:us-east1,aws:us-east-1,2,8.0,500.0,True,True,433.62,433.62,0.0
0.2,gcp:us-east1,aws:us-west-2,2,8.0,500.0,True,True,434.2428000000001,441.4266,1.65432794740636
0.2,gcp:us-east1,azure:brazilsouth,2,8.0,500.0,True,True,722.0506499999999,750.3006600000001,3.9124692983795812
0.2,gcp:us-east1,azure:eastus,2,8.0,500.0,True,True,433.62,437.39369999999997,0.8702781237027726
0.2,gcp:us-east1,azure:japaneast,2,8.0,500.0,True,True,462.1626,477.12960000000004,3.238470616185741
0.2,gcp:us-east1,azure:southeastasia,2,8.0,500.0,True,True,553.0698,588.5757,6.419786435636153
0.2,gcp:us-east1,azure:westeurope,2,8.0,500.0,True,True,485.1315000000003,532.7505000000002,9.8156891482
0.2,gcp:us-east1,azure:westus2,2,8.0,500.0,True,True,433.62,437.1552,0.8152760481527547
0.2,gcp:us-east1,gcp:asia-northeast1,2,8.0,500.0,True,True,317.1843,337.62582000000003,6.444682161128412
0.2,gcp:us-east1,gcp:asia-southeast1,2,8.0,500.0,True,True,343.6154999999999,360.07182,4.7891669613274495
0.2,gcp:us-east1,gcp:europe-west1,2,8.0,500.0,True,True,295.7130000000001,376.31835,27.25796633898405
0.2,gcp:us-east1,gcp:southamerica-east1,2,8.0,500.0,True,True,421.11674999999997,490.4856000000001,16.472593407885135
0.2,gcp:us-east1,gcp:us-west1,2,8.0,500.0,True,True,71.66700000000061,173.51099999999997,142.10724601280714
0.2,gcp:us-west1,aws:ap-northeast-1,2,8.0,500.0,True,True,470.42100000000005,492.36480000000006,4.664715223172436
0.2,gcp:us-west1,aws:ap-southeast-1,2,8.0,500.0,True,True,635.2190999999998,654.1208999999999,2.9756347061982393
0.2,gcp:us-west1,aws:eu-west-1,2,8.0,500.0,True,True,456.0849,459.0081,0.6409332999185039
0.2,gcp:us-west1,aws:sa-east-1,2,8.0,500.0,True,True,481.2263999999999,489.65759999999995,1.7520235797537391
0.2,gcp:us-west1,aws:us-east-1,2,8.0,500.0,True,True,433.62,435.8754,0.5201328352013304
0.2,gcp:us-west1,aws:us-west-2,2,8.0,500.0,True,True,433.62,433.62,0.0
0.2,gcp:us-west1,azure:brazilsouth,2,8.0,500.0,True,True,720.4648499999998,748.3242600000001,3.8668659546680537
0.2,gcp:us-west1,azure:eastus,2,8.0,500.0,True,True,433.62,440.66970000000003,1.6257783312577903
0.2,gcp:us-west1,azure:japaneast,2,8.0,500.0,True,True,436.71150000000006,446.8923,2.331241563366185
0.2,gcp:us-west1,azure:southeastasia,2,8.0,500.0,True,True,533.5938,571.7403,7.148977368177828
0.2,gcp:us-west1,azure:westeurope,2,8.0,500.0,True,True,498.7440000000004,545.2605,9.326728742601317
0.2,gcp:us-west1,azure:westus2,2,8.0,500.0,True,True,433.62,433.62,0.0
0.2,gcp:us-west1,gcp:asia-northeast1,2,8.0,500.0,True,True,297.97380000000004,304.69140000000004,2.25442639587776
0.2,gcp:us-west1,gcp:asia-southeast1,2,8.0,500.0,True,True,316.71180000000004,328.47318,3.7135907155969474
0.2,gcp:us-west1,gcp:europe-west1,2,8.0,500.0,True,True,320.57910000000004,396.21105000000006,23.592289703227692
0.2,gcp:us-west1,gcp:southamerica-east1,2,8.0,500.0,True,True,441.70244999999994,506.74229999999994,14.724810786084616
0.2,gcp:us-west1,gcp:us-east1,2,8.0,500.0,True,True,37.62,91.809,144.04306220095694
